00d1a4fffdd0f202e9d9c6b3355479d2fe83dd43.mp3,CAFOK3DK
00dcaf3e01ac3d79ab554a5c78bf6eca8a0f225f.mp3,BRW1BING
013222724542e124a49e4b1b4c1ad6d12b986e34.mp3,Q9QQQ059
01bd05cb918a350d038956d6f7d664ac966a6a80.mp3,BXTST7WP
01e62485cc41570914971a108b4a20659d08549d.mp3,OCDW629P
025e0ed985658f035103f4ee947bf5e3d59f5352.mp3,GL70J480
026d99fe625fdcd4ede11cec4fef42454b233f53.mp3,DLXW3THV
02a068bcd170cb240bca3940e3cf24db97a14657.mp3,7LFRRIFJ
02eaf6d1fe9a495e056d41ffa31f653c5c6bd0e7.mp3,86O21XS9
02fa0dead413d6add054524214094809baa976f3.mp3,74WH33H4
02fb81e0a9047e54369a6108df304f6fce67ab72.mp3,PQ8XV4UU
0304c91488f595938ecfa4278b8dbd73f00608a9.mp3,VWWW3CNT
037b93679678db6acb86a949a5aec0d984d17fc2.mp3,S1D4PSQY
039dfb31d4ba4af81635c8a35e3e28ef5a6dbfd2.mp3,ZAURABHU
03d6657e8d2482b5f326b078f21ef82c17feb8a5.mp3,YYG6ARJO
04708ecda1e35fd77cbde71699fde2cc08f3826a.mp3,E4TH0060
04940658aab45edebb75459c144a5a5f7d3a0f17.mp3,OFPT6ZY3
04aaaedab55272f3d7c4cc7876623213a9673591.mp3,YKMM33J9
04d2ac8d90714dbbe2d4b80c65d43094013a6b7b.mp3,E2MLW7TT
04ed232ef7ac869b6bd39c540ea6b75a188253b4.mp3,DP92YVZV
05b1bee549ab5eb04a756f5eddf3507408c06595.mp3,X55VXFBN
062319721dae4cc3f9362c6c50309bed2a8193ca.mp3,4262S7PL
0634f543edfd110f7b15b00f5079e7bdd1a318d2.mp3,K3BEEXPD
06a10923cc64d623177502a567723eb850a9c804.mp3,PVXF3S52
0816dc94f9d0fae620fe3f54cedadf16b5f57a87.mp3,ELOCPW4E
099cb9579efb15ce021041315f68a880a52fab19.mp3,WKDGEVZ8
099d25ca327998cb37d28d297fd5559e49fa12fc.mp3,T7GOJ2CW
09b4f354e90c380e723f795ebdce1b021ac85995.mp3,CKN77ZO4
0b00b4375c2d4e59eacf05f6ca0353ad2d697d15.mp3,ZYDW7FWG
0b4954c63ffc3d381344130a1369aca7ab4abab5.mp3,L1LCHUUW
0bde0a8c7e1fc2b4d1d352064a77baa1afa5b1b8.mp3,CUH0W2UF
0cfa33c70b47472ce36c0a9308794ffdcc5b600c.mp3,OI5JH6UO
0d10588aec831167ddfa975b0ea0b736a9477cf1.mp3,P7OKCC47
0e1c12ad2abffc6b591b4702a5e39f4dd4dfc391.mp3,QQF4IU4H
0e4880e8039f72e429fa9add0fbfb1a19c9b0858.mp3,GSEVR9NR
0e73fe038755d2efaa63a7b427065cc068b619ad.mp3,UPL3XYWW
0e8f5dc51a22e11672c31974f1c894c7e1deb902.mp3,1OM0KCCQ
0ea0cbdb63c321b26dba48043d0e53a524171e45.mp3,NAO1IUEK
0ee73b270d691640c20cee29f5d903ed6190c0ae.mp3,DQDLELQK
0f1d5f978ae6fbcdbc66203aa2219cef754181a8.mp3,XWWUHTLR
107b1a6ddd887d92a70436da9386598103e3420e.mp3,WDKYC074
107f6d45eac6c69be624ffb0c39554d5f0bd3aca.mp3,0EDHTWWZ
10d67d905ddb8547f79b982f09a085b3c89e633d.mp3,D8HTSSSC
112a0ba52ed9d85f68909b8da9b96e8f9c97b9dc.mp3,PA2U749U
11616e7dc5f20a092c37f7aedb696b9f32bfe1b0.mp3,KURR52EL
116466f7f4b6abf2fb952c84767f26a0c9065503.mp3,PPFLH7CO
1176bcddb156ee5c2c07c92fd65240c356e22dcd.mp3,GDHPRSWO
1183fdf416c7607bbc7dfb64a06f0c0b6c8c3c67.mp3,O9P8JTL4
11aedda6d3e07f6858134a811f4f7a7074a36cfd.mp3,XT5LXF41
122f8396333ccc38491213cd2ef27214a5fda942.mp3,5H6MM9RK
12c5bcbbe5184118d896bae8a47196e70759f891.mp3,VTREXDLO
13a65c34d34bb0d8e9d6c76f085503ba3d6c4fc3.mp3,KTPN4FYT
1459ecc67994e0812c08bbd17ddb238d724eb38d.mp3,2VO751BU
14671d855d92ace6c693d9d22e2426dee048cb97.mp3,AMMM2CCA
154e2f4854951e51e9a8ff760bbfd8d4c966eeda.mp3,B451P22I
15c11ce853fc4280bcf2fea9eeef38d9be02564d.mp3,R1SP27PP
1613e2a3968902e7834dca5bdbe88f074ddb0ac2.mp3,M5NVID9D
16421e4961066daea956ccaaa9dfcf3f5dd1ee75.mp3,644YRHUL
164ea59f7bd2deaf75e6309db65df9fa90e47c04.mp3,R2115L7P
166f17dce02a6fecaf66649e7364784157ef86d3.mp3,QX11ZSVC
167ec89f34f5fb8a389ddc11bf472634f6bcf6e2.mp3,N4WXG2DQ
1688f3769ea2ddc1b7b25a8b1aebd3c1adc07ade.mp3,KVXSD38E
16a1a244bc79f727926548f5bdfcaf2c611e223b.mp3,ZGBN9N37
16c0a5a6811f354ff54da433e87ed5847ffc053b.mp3,W6XPOXKU
16c854927b75aff8a52a8cbafd2c94243ef1231f.mp3,XPOR88XC
16d61bbf282c40da56d69448bdb0667b87933914.mp3,NY3VRJH6
177cfc32c28857f3a04f42e05e3a79c5fb1dc62b.mp3,T9X811ZQ
1783a12e98c3aef71ff79d01935f31702a377e57.mp3,OC47DPEW
181e9f92bddeb84bf56abcd6b18c5a1914b18536.mp3,5EVWUUCF
1861d1693879a85f630715ca3c194c9df265a8ad.mp3,QJOWNF2Y
1878bfdcfdf9884871050b874f778232714beb29.mp3,C0970VSL
18820c545e59873c79c99972e3f7df7dd040fd96.mp3,5PPYRVDS
18a5d80c43fbf3651032c2ae823b1a285469ea75.mp3,5PYYYDXJ
18ba1795765868acb0d9434fc99c7da6ef5d17c5.mp3,PZVCT1BR
192790986402da60d93f7405d01b6073197bbc13.mp3,SPR9DDWU
19a23afee5a5f9bab8425b94e47a4e86de244fe3.mp3,OZJK2CZC
1a422331d84fa6130ebcc4a08f2ffb58f025a552.mp3,F4PSSC5C
1a736d828716af4c767fbd93d9d1c9af06c95705.mp3,OZGGMMN5
1ae8af35849f38cdec3108dc32ce51f4cc203ec8.mp3,NU6QCFZD
1bc93481410ac0db56f4af1fe3d655e7aa4e5b46.mp3,F014YOV7
1bf87b017df4604110e5135b2bdf8bbd19aa83d6.mp3,R1MIRRU4
1c3c7a266a24e5d746282b9729136e99678b5f99.mp3,9RRX59F8
1c4bc45c14ea442fbefe17ff2ba9b77423560be4.mp3,3UUM2264
1cc6584970bd42c367f3fe93a143a37d095f811b.mp3,CPO9T1YM
1cd80e56c784eb95be7751dcebe5d90bb28aa11a.mp3,EJ6D2BKP
1cfb0a227b581ffdd8b780e56507fa0cb84b80a8.mp3,TQ81FF4S
1dc62201b9031db2f20a82e9e2f49683a5d6d54c.mp3,IDOYTXS1
1df96f4a7832e430772d6c961549f6108a8c2102.mp3,1R2WWR5W
1e29ecdd2a0359ef69773b72f61e785a0f706883.mp3,G3Z714K6
1e4074a8509fee04bc0e53877cc457f7d63b8cda.mp3,FY9U0013
1e9758305672704724304a9f3a68306e9ea15b10.mp3,EFZ9MRUH
1f209f504f4731928861a90de244fdb2031f2a84.mp3,R9LZZ4FD
20159b9ad3bd0143030d96cc8234dd599007efd3.mp3,6BZQXXS9
2091b0b4081d38b09d090fb56862a924acdd57cd.mp3,IR1KQH23
20c93a45f9d664bd9c227d6e85d5c0c607e0d80b.mp3,E6T0WYVZ
20ec74461d0da32b0c46d8ab6d9151b339dad064.mp3,8XRHBC6R
20f99eec12d7552866c433395333cccd59b3b525.mp3,HBRMN326
213f301ead1add9fc68b5e01fbd494414fc7601d.mp3,Q6FL133N
21fb8369370311667418f2baa8340fa25b5bc81c.mp3,HIIZNLIO
2234fb377aac250e4a5432ac1c0259ab1e017cec.mp3,OTEKG44D
2238094d1cc3a23a92964e318ff76798c351ec64.mp3,3F8PMRLX
223be11a63f5b55f9096f1fff1592c56889efbc1.mp3,54KS7OEQ
2284b53509a1b63c7907b1cf9527ef54f36b536d.mp3,6TLGS008
22a7bf98a2840c453a9f9aa6c987839cd0220d63.mp3,E1OJ3DKM
22b6ff98e235df1cc8b4f2c2706b40f17af75b9c.mp3,TX1WWVBO
22dd7f07579124631a8b718aea7dd520b28aa395.mp3,6G1BTIXN
233286676ed4a2b0d6c8307b9fd66ea4fefddf86.mp3,KF4E12TU
23b0123b2f05a502a8b8de425742d004a6221267.mp3,DYDW9CW8
24b2ea4f8465e7bb3a25b08a6d5a811f2bb1c598.mp3,73PTM5RJ
24c3946baa00501efc4a9dca5729d776c785a030.mp3,3360WRGO
253a1dd70ee32bd9ad2ed88a91d82c261d56fa44.mp3,CCOACCRT
253f29e943169cf991a84d49e8e22f18bef73e45.mp3,EW040H6K
254e934dd98df91b92c59f2cad66611384b3c1cc.mp3,S8KS0WFL
261984908c3816ca963030eb77bfe9df0dc75762.mp3,M94QQ00T
2676841fb5d51e6721e3d991d80f96becd691bdb.mp3,9RP55BF8
26b5c318dd1340a702ff99771bc78fc23275855b.mp3,O0O067HY
26cdfdca0bd631f8c826009957740f1f3ad47eb5.mp3,FG40SAXO
26cec5a52eb3aeec5f34012ec210cb0ab7b0f3a3.mp3,ER4CC8BP
26d452f477532c024cb98dc765b1a5af3188332b.mp3,EE11DBWK
275b28f945b6f5d4c49eff80db6c053423227f34.mp3,RJ22L3LH
27f55f491b3d7989bc11df64ad582b6d24d7f5c2.mp3,12JODO4D
283164aece96fd364b99c722334628ddec6824e5.mp3,DE14POWO
283f9701c7e2e8e41c4bfeea5ccee3a8d14d88de.mp3,SDKE77DI
29207e2c4dad3401889b8644f270eb84936379a2.mp3,XMSL656U
295de920e81ea5451b1673e0ca709655bb61b081.mp3,MYSH117K
29bee49906d6ddd77e96a5823e09f2c4587c6b9a.mp3,GV5WWUXK
29cec05c97b1491fca5fc2e3b2951f3ec58f3bd9.mp3,09QKM3YZ
29d57710ca10166ddd3e21728ea14febd3524a39.mp3,HJ1PNNLS
2a1730f30f84f8de53226ee7826aa44b42d680aa.mp3,PVOGEOWC
2a22a09373c29e1c41c5605f91f87ae8b08816d6.mp3,Q6NKT2HR
2a485506891c558edeb83160d8e47896fc2113e7.mp3,X7FFCWVU
2a553e2554e7799b3a1c62df8529514110e8ebc8.mp3,RLTYPJMR
2aa02850eb9a51c6e1edc876bdf5db287d1df872.mp3,9HGXVA6L
2ab4588d169b0ffc054665b7f61af19aeeca7589.mp3,MKBN57DK
2ad95863caddfc36222dafca81e90fc48cef703b.mp3,17JEYB9J
2c78087090fb26e5a3113fa8031cdfe52f0dff98.mp3,77WSRRAX
2d45af9967cbc0085a5bb16fa7d61bc6e535265e.mp3,FTMWW1EL
2da1a936ef1fe1faa91044cb0b4bdc0c4364eaef.mp3,2VO5PY5O
2da8cdd6eb04f44fc536203a484acc54271aba37.mp3,1BBEPP8G
2df1f8c1a022791dd2888aae3f3bd98c4286b12b.mp3,1RRR22F6
2e14974b2ef690e6558abd1952123a73bfaa9b7d.mp3,0U5RLSTG
2e2d55f1eae28b215c83f1f51626b59314e49492.mp3,NV9KKSM5
2e32a53e628d8b085de53edacc27e04d295c107c.mp3,NXS2EKFP
2e6f45db8a759d7e4529381992fca04a716c0a80.mp3,51977SF8
2e9b8e616e63b4c1ad99a47ff522caec22f5aad7.mp3,IOGGYWMV
2f005e976e4c9ad91fc1ed39d5baddb2043e76ad.mp3,8RJ73LQN
2f6d52deb239da550ba300462ac987133ab1f738.mp3,YE9NH4RF
2f8287157e66e992297ece9b61f85fc68ae45819.mp3,ACIRNWX1
2f86ef4350221d4012ece3fd75c06e42bba7aa07.mp3,LODBLQ0N
2f9b0ecf61e4f07eb4cf177143afc9e2d4326b04.mp3,CK77MUOY
2fe16810df63021a3cff8f45c058377a1da05bfc.mp3,6OXDQURP
3018fdd9376101999e168f16526d4fbd74623b1d.mp3,B9UQYGHF
30449f5fae1251742522a7dd0a7f27f8a2c2f6f0.mp3,9NO83LQB
3064ea0f32b751399c8fa57d60405d8ba58b7098.mp3,ZGQUEH5O
30f3fdd0c6142416f2f0680df22b0459b663397c.mp3,O30O22CB
31540c2239374c68ee1d7a8b7dd39f029ec120df.mp3,IY7EFJMZ
31978149d1a73b6753b66cb6d2ad54613fffc2d7.mp3,2DVOW832
319fb5a41a7a8c12a722be2c175050291015b075.mp3,3MMLDLPJ
32950fe0c1972abcfcb55c35367ff64e9dc890d0.mp3,FLEM7C0H
32b658eb99bc7d13f98cfd2e077f738b910c4c3b.mp3,LOUUSGFX
330405deea1aaffe6b4d1860202918e2ff51adf9.mp3,UU50RA5S
333d5c65b381674181cd9eafe76ac7b68b83a01e.mp3,FX114U4U
33e153c0166a9c0f4718cd75e3a546ed12bd3cb1.mp3,NKU53PLY
33ebb1bdf91c96760a72a536f0f9d0ad70c3a795.mp3,S9YROJ2U
3439f4c9d2087df13ad356e754d8a7ee7df7426e.mp3,M9ELDCEO
349c92b1fca39da36e06cbec834986ddbb1698fb.mp3,32ZZU9LO
349f3638d7087ddaa8db04dea1af5a083622e1f5.mp3,SZQLLEUY
34ef24a6baa28eece7915cc692f4d328affa86fa.mp3,RRO0PLJG
350c2fc3b3962a4c4dd8503406f3676e7d8891e6.mp3,Y6JJVQFL
350e873f6cb42d9e6d9996db6e18e3d822c3541c.mp3,JKXQEXZO
35ef889fc015ca3c7688ff5a2679d1c7dad91f3f.mp3,M1B1OGLS
36198b584fa9f7aa848a0f8d8f3e707c6cc93f16.mp3,LOSRLZZ7
36495c906ff3778a11ca437a529c468aba5f911f.mp3,4Y0OP3DY
36c34e5aca4b47ec5fde038a5e160269b5fb20c0.mp3,1Q6J682W
370e768a227c646513de05652f5c73db1095abbd.mp3,N7JS1TUF
37b23b961b357a374902b01d7edd2c49260f3142.mp3,BC6JD1RV
37cbb7db4476568fbb305e169b202ef5424fb119.mp3,OQW0R2UW
38595570a67a95f50222afd0f308d5891bbdec7a.mp3,BWNNYSQY
38619302de34585ff470e60da6f72450687cb6b8.mp3,7CCPUIX4
3956bc85eec44d5091a48d1a92727ea101c1ecca.mp3,OMZL2RUV
3976426cef9bf9da30763323b7f54b10a48d462b.mp3,S8SSJ4EN
398eeefe76671400ffa109234c617924990178e0.mp3,GGNUSA7W
3a2ea228cf030fac1295848f785a9f28e23387e0.mp3,7UMFFFMG
3acaf6f127bc5a970ca70e4f4c1b74dade515291.mp3,50BJ6DPP
3ba8a66e0e6d2a8be179abda7c52ce2cb03323fe.mp3,JS9BBCSL
3c034a3ecdda8577c7f1475d611842838e6f4117.mp3,TJ5TYYMX
3c546c7e7f14bd9cda8063a0be440dfee4251620.mp3,ZDURQR3M
3ca468fa47d852c1d527ae06a55b52ccc35130b9.mp3,YV3137FD
3cd4365f543ca4e0ed408ed91d7970b39645e583.mp3,ZSK11RBQ
3d198e4c96bfff1e23d85462ce386d9d24713c17.mp3,X3N2EG0D
3d30706c7fceb72e0d97fa4567265cf732866540.mp3,71UGVIMF
3d59e87c2f955042fa0be8e6a79df6ff85225c75.mp3,68N6NS7J
3d6b164a00165390e4601497ba7f578773c1fa88.mp3,P5RJ7DD3
3da575426abfc9c937ed2552b9ac9cc608280a7d.mp3,PFKV5OLG
3db52a29e40115b40885c0002e330ebc5e57523a.mp3,7TTGUL9E
3dc9c4d6a88ae20404a8f63b77b44a5660d95092.mp3,CLRBCD08
3e230922e05afa7bf28b9ebcc2215110d7241441.mp3,T6E772HQ
3e2a3cfc69a091493928daa534794874f69e5ba8.mp3,HQEE0TD1
3e8ef2e875acae2bdcbe81b75f0f8d5a1cfc5def.mp3,KPV9Q1SN
3ea3c8d8c1c72840eb4cf63906a73064a94ee9f0.mp3,4UIOTV73
3f4dfdaa7ec53cc1288a218a145bed7dec963b62.mp3,48P8JSMW
3f89dd7d14c81e7320e9c7e818977c685ee4aaa3.mp3,9MWPY3B9
3fa3c04c8c3710c6304546dc36b3faf7920ab47a.mp3,TSDCRRR1
3fff3e0da4a0fd0947aa6b1ec8537638803c3e3a.mp3,OQVB3UUC
40ab1eeea9c0532e8e86fbab04fa67c7773f7ba1.mp3,BYYX86GW
41c4bad892640341363aa4f2d678f76572661f13.mp3,DL9E187F
41d088400251f3d585da06efc6ec6eefd98e1ef3.mp3,DVHRWTTO
41f64e88c7f3b690467391d14d51509f18a05b35.mp3,5VVP7AD2
422cbd76bb231aca7c524fa6844e38d8ba53b06e.mp3,TCR41NTB
423424331b8d085d3bddcfe0a1a5d19b6a55afd0.mp3,XDBU9L2M
428ecd5aa9be86da6415b0320b605ff7273a3d4b.mp3,FGXFW214
42e62fd373707b666b55700039faa4d6d0b30738.mp3,UPZWPP7X
4336778b61698667f6ca50c2260f895c9eb3a931.mp3,P0UV29VJ
4374ea22ac6914ec73d05993f76acb70262668ca.mp3,3NNBYDX1
441026deabd97723edb4048fe1443215c5ab7e10.mp3,OQ54D9WN
44b067595c6927f215f7f6db4446ccaf48926ede.mp3,9ELV8XJN
44ef47c69f8fd7367bfa577351f6271adcb56ba2.mp3,JI8PYKH3
4559892af8618d60e0281d70e7d0f0a0dcc5b53b.mp3,7XXGNS6R
46479c00557dc7562aada2a530485fb150e26dd0.mp3,0OSQCDPU
469584422743f2d41f9edab08a9ddfa3565ec4a9.mp3,95FV62QC
471635f36f0f7663e3a526d25e2e6d72e73c4106.mp3,K797PWPR
473acc12d26381eda135198f849ad7de8cb27bdb.mp3,4YWWWNH2
473e3f80181f463752a7323e3d8c062e7e512eb6.mp3,BVJPWYDE
4774c8d48cda1288b7059b73d45a01edfe74177e.mp3,OVV7HHEH
47f8525090c85ff228cb7035820c625dcd82a12c.mp3,ZY1NMBBP
481bb41aa7eb2ce5eefe9a1c6314737f32917e52.mp3,EVGZZH1B
48249d1117a4ea54cd8b7b00f313d4bd1f905440.mp3,99922E16
483cd5730335bb333492c451236c712916936cab.mp3,Z5244FWA
487db8d4aca161ccf42c6998e64e18300b25761a.mp3,N2X7WWAU
488889e32ed41b0578ba465aeff6154e8eaa26ba.mp3,27AR6KLH
48a84a50b61e9f02c2d45e2cad9c1ac281d5f3c1.mp3,81ZM4ZZQ
49459762e592ad2db0935c2441fb057ae45111ac.mp3,CBF11YCS
4953526c56c8c84b53685f28c62b33cb365d1d06.mp3,POO0F4PP
4967b0b878414dca2c2883bb4f77411f1f55a50b.mp3,I45CCGBR
49be50713cc9b35fbefd1ad9a4dce993148675dd.mp3,8DD0ABBQ
4a0c937f271a2748a773e4a39a5293410a84f3f1.mp3,IUK5HO2H
4a4abfbf0fdf04c20446c73b50d60d2a710707b1.mp3,U9O5SRFD
4aeb0079ee57d82dba3be23a1c1abc7ece90ece7.mp3,297TTTDJ
4b6e4889fca79f8bcf69d739e71f7c5fd6464b63.mp3,5EE4GZN5
4b9b026cf7ca95f6d339e3c85bb15cfb8b8a006a.mp3,T7L92E7F
4c4335bd20a063fc6fa32db180bcbb4ebf90ec69.mp3,04RPLS40
4cdd2f9b9db3b7e4c5cab41764e2d2d1081f3776.mp3,23AN6FF6
4d866a9e8a26777ec97829d4e2116de5a76f37c3.mp3,TXZ56TMK
4e7e45138564a4b64534e1f4dfdf23f56bc1a0c7.mp3,QMD19EN6
4f348ea80024b0ce0adcb35e3c367f78a879414c.mp3,MPP3PH37
4f7c01f6abb14511be3a291da27a38ac0849448d.mp3,FVMKKYO8
4fd40ac7f6dd521f298be4345446cbd1b356cd10.mp3,OFD55804
50263735dcf1d7810effde110ecfbb8dcd1f43b5.mp3,RLMCC7C4
507bb77a4057742899bf8f4f9092e14807efb90f.mp3,KTTSJ3CR
5091fabba25309b192d2450a4a1a95e7b60cc725.mp3,PFK2TV45
50aa0dbd7370c61a27af6cbaf301498322d1baf3.mp3,JR8EE9L4
50aae4ce5aa10d34b5b342cc4935fdeac974e1d8.mp3,N32QSSMI
51655aca6ae6810b6e2b74e82dcc543c2f8bfa53.mp3,KE6MM55E
51c6b4476011b926b0863b8469d5e3f19a8ab8e0.mp3,KD59962K
51d9d9b44a56d021d96a15a332f6cc9b9cdc29fa.mp3,62BO1Y7N
524785b3944a5b4aa019af49cdcc3f678c81f78e.mp3,D5U5NN7R
5454477460ef793ef886e96997cd2be412ebf3f4.mp3,XB116NOU
54dbc851e1177aad9835dbe5bee6af913260d905.mp3,84BYF9EU
56055649da417faeb3bef61102152c10217bdcae.mp3,IDLJJSB3
562b8225e8b22c499150222bde92ad1c0663f294.mp3,B67DL3R5
58804d3e1ba7779e59528f0e43db3ea7f737f431.mp3,9JAYXBO4
58f18115fd8efe5a4e1e9b3ea606db779734b8bf.mp3,M7YYZT1W
592262761e0c982d06d315e304e0e39f6b1d05fa.mp3,L95KKKE1
5941d384150c85341ef90286d25b53565071b126.mp3,UG55750P
594c90d197c13ba78b95cfa26c5dd13cdae31c1c.mp3,94BZNV6W
5a0f7639e2949b713d408687e11598adf5d52ce1.mp3,6A65MMGT
5a1bc8b277df23f787826fad7c04206c75eb9ad4.mp3,KSC2H9QT
5a6915451fa4be8f9aff6ec7bbda6fbbc26a98b3.mp3,GTTTE9EO
5ad66d94ae58c9709bbd30ead1c77f6e7fe9fefa.mp3,WOOAXXCV
5b31be51375fba31f96b185a6f8ed86bd6e3c7bb.mp3,ZZY1NFJL
5b805d2b09c9c78b7edcba8d69d7a36ff408b5d5.mp3,1H7D42C8
5bc826550f500e645c7d725785d18979921a5cfb.mp3,J94XOHK8
5d2a6bccc809f5ce34d2f1d37599feda686ae1e6.mp3,Q5LK14JY
5e1456fe76746e08083e027a5ee1bd81c617fad4.mp3,XT2GG1NR
5e44e19cdfc2c5b6c5dfc6899efd4fbea8da6786.mp3,NLKMAN1O
5ed1a292f02e3c49c6d256f5f21389c25d69ca65.mp3,31HI7LG4
5ed79aac940bb45c642cea3cd5e384b41629eae5.mp3,MRY7E0X2
5f60d3145ce15ea5e60a4f1e3bd343892dc347f4.mp3,SMF777X1
5fc1a42d08b5b0c6e80d0cf55b73dc6d66e8ebc9.mp3,DXQ9ZO83
5feef7a25a70686ddc0ba16b837637b70366b57e.mp3,MULJ322W
60a14513fa3c8ed1d2de99af59727c44c7d15daa.mp3,AAO2DD56
61242e1fdeff8cd8066b953cdbd5849a639197d8.mp3,EF55D2VG
6135001f648e79e36eb003d32afdd1eb5a3014ce.mp3,P0755O7T
6147e74fdb79431cd6a11d6e29e3100906fd2567.mp3,HF1BAI43
6155c942707d677855efb58e2f96ffb0f39fa4dd.mp3,1V6KTX7C
621876d6222bc7818495d3ad62ec0b8bd1f4429c.mp3,WLF23TGI
621dc388625cdfabe48763bf304e957cc9ef62e5.mp3,I9544DZZ
625ef714bda3b1b0a8bf565998dad0f517280775.mp3,68AAV50H
62a617b5c7f15a9c72024c91ec4d635ee4a3d27f.mp3,I9EPF7RM
62b1eb990dbb4b5aaec2bcb7280c11279804b417.mp3,3KL0QQ0L
62bdb6c768246bdd5af770f68572be7c566910c8.mp3,JQI42I1U
630e17b4f83cecf09a61bcbfdcab2436662ec8d9.mp3,8KZ33CGC
6339ed26f4a3faea9cf5298e32499cf01a629722.mp3,HPUUVRRN
633ee73e5656c85b86fd441d0c90773dc2e92032.mp3,7NEYSSWN
63d0a90c8e6e1598cc2d4a0c29af515911ab3e4c.mp3,XPOT22ZN
63f974e8077107d222397cd8ed03e1a724b51813.mp3,WJOC20E1
640429d47082e0257261dc0e204c02137ddc8295.mp3,MTE913MQ
6433a57597341b0c73777ae24ff6c9bf5614b210.mp3,LT87PJ1T
64f685a331e86032e891e285507ccb73200bbab9.mp3,F8DRIXBC
657f7080af658cdc67e0dc84d1354b4037548d7f.mp3,OZFW759O
65a1f33761d5f9c245ef08a98f31140d834ffbcf.mp3,03EXBM6B
66830321d161b1317bd22d46aae8980f290a11af.mp3,HO65QUG5
672c0b05d993e172899a508bdeb45a6db751ae12.mp3,777YY3QS
6765e8f997ff6e220fefc65424ab392b730d527e.mp3,G7GDD9X7
67d371571cc6b8977062bd774df6fb195cfa4a08.mp3,OA1C2LEA
68149d5f4c7b3f8ceed9f799e8aac13fddcff75f.mp3,2T5Z66QN
684f38066b81e763d2380f97c83fa05fd327ed92.mp3,7133VPP9
68cf161cb0b28e18ff026db3ff77dd794557fd40.mp3,Q4IYWZ6H
69a7edb517679d616de5b2aa6e6e46fcac83e104.mp3,I5P99PAI
6a6db713340c78f557c4d6fc9c059be29036c10d.mp3,I8MG9E8Z
6ac5ee8453caa22ae695e7aac764e21edc86f58c.mp3,GDY9Z1MM
6afeee92337cec03344b1950eb490428aa8e7aa2.mp3,APF2V5OJ
6b1ec086302ab737a21c2eaccf0e5aca9694de53.mp3,EO513BUF
6bfcbdb4a7f2a11ae38d7ddafebda264203e98c3.mp3,17VVFXGO
6c9ce30c6612735fba5b60d94c34127f8aefd1ee.mp3,74499RXX
6ca31fe574035e34a99fb1145e1a4ef34d1eb5db.mp3,Y9Q6CKNG
6cf621c5aa4d729dca360f26a0e577b9eaa5aa48.mp3,5Y038VDO
6d24038f8e908f5eb556edabc0140a6e44cd2431.mp3,35O3CYF6
6d6cb600a3a5968b0d3e85623965006cbb3bcb82.mp3,M8F0E308
6d804ef8992b447d76f9afd5f679d22a1ff5502a.mp3,EKRWH3OC
6d9420403608d172ecfe643cf7a8821333da5f7a.mp3,WP77G2UG
6eea813b7256433f67a0a04ccd91b18a8de127ed.mp3,XYJCT7ZI
6f1e77bd1469facecc7ff5976796e036ddc194b3.mp3,F6HZNDMJ
6fbed09112355552cb66c8d994f476c38807ccf2.mp3,ZLBLYWLG
6fee2463db09f5e7aefff2274414977a088073da.mp3,RVD2UU6L
70827502dbb4d848f0dcde980b557ed0567f1e3f.mp3,336X427M
7091c210324976f5eedf706e38cd6f3f9f4a818c.mp3,C04YH0UI
71106e5e3a9de2010e6d164657415ff6e53d5877.mp3,G9AQ5IE2
719deb159a86322f6581f82029b2aa8d2c8c1174.mp3,4LYURRM3
71ef2605a83566ab44d88a767cddd276f1e18c05.mp3,6M9BP21B
728d188238b5cccad364ffd216a24b1bf2a2e02e.mp3,5ZONCWVA
730e2bf10625007b6b862b44947f5050ca99b3e0.mp3,U7XQQQP3
73446397612c39a9813bba7d50d1f0a3446ae911.mp3,7FQ0DXJS
740117637720e8f1839e18c5d6c4e53e1e90ecde.mp3,CSQ3GJB2
7486a6d669b161f31af9dc19b58500127da3d405.mp3,51SFJZOI
7496ef7348b77fd685750c112c74d9a7dc638247.mp3,NVTGQN9E
75276de25b3024f0220617a0a3029523898f9821.mp3,0018JJXH
757fab64f06cd8e22cdff594292115e1745b3555.mp3,5FKRR31J
758841f292d16c26afc22524941416cc63f84bed.mp3,FGKW99CM
7630d4a55109871cf26c8548d3730ff7be3989fd.mp3,BKK7263U
763b2c74d48bf0c2b84c3ab0520d78e3f379557c.mp3,EYF1908J
77b45d8732c90bbec7c635ee1820a2b8c0d7d26c.mp3,8J9R5RDO
7845afeca4ce6d968a9ccf4da449680752946ed7.mp3,23Z4N36G
78e9b92d459cc6abd228e8d6437808f0e1abd2d6.mp3,XMEE2M1M
7a0781ebd1ee987b057190fd3603dbb20e5b6485.mp3,N3992FOZ
7a33a15f050bdd540cf5fe5bcfad511d8e876e91.mp3,KSL763EF
7a5889eb9ba27e08143f2f9449ac09a1c4ce82fd.mp3,REJ9PLP1
7b354d37a0b08aea4c23da86796318c879138902.mp3,WEOFWUS5
7b6e4fb36a99e7d7220c659c6c5fb00fd3162bc8.mp3,KCN222TJ
7b6e6a48b014e094535001504d6d4798a23776bb.mp3,YA5U8MD5
7b6fb631e01067fa637c9cc9ca8827d9abe05588.mp3,9NH22FP4
7d8f05082be384aa410e7eb051af8efd928e3e56.mp3,ECOSRALZ
7ddb0814f7cf7b1f81d2a4fe5e1f9e69a3e792ad.mp3,GXAD322Q
7dee236fd9e0f4820b60f0a5ced122eb2e408aa6.mp3,PBZ7MRL9
7df40595033785673a1b5b5241f38189e9599971.mp3,VRLPRKHG
7df43cf7da4d695374b5d4777592cf3a47aebb31.mp3,6NMQ11TR
7e2fc18632a5ea0ff87de51ffd10de23f2a57e5c.mp3,PJRLFG1T
7e6a05474436d449e48624c683bf6c30a60971a7.mp3,P9HG652H
7f1a28586e28ac43b36eea8f3d2cca6d88ccaa20.mp3,2RGYFLPL
7fd304f506dd558a8821229f6f6d8902ff8cce18.mp3,7QFXJJKJ
8036677362efc093e9702b6e5c3be459a7c164aa.mp3,BFM76PY8
8060d3ef53fb3da50c2bc5849f78e656351f0e7a.mp3,Z7GGRULY
80652dbc212132b044951155552501e9e2a5a7de.mp3,WOO9UQ4Q
80b3b698e1b8ca16a0dcf10cac00be747d0a7967.mp3,Z0UMFFDJ
80f5362eda93356c79f5a9b35fc78919410b432f.mp3,RMP11BIU
81012de86db0de22c1afbcc8a274f74dc3eb6476.mp3,WV777QMO
812366e04082890cdd532e8ebd7abae117d9a938.mp3,ETPT2447
8182a454bfaee79a92e00cd158ba3ffeab130a08.mp3,OYZP1BEZ
819abc827374e02548c21f19345be70e64e7a71c.mp3,FCY7YY3U
81f7ac012adbffdde35e8c44ad29f98fe0e3f294.mp3,HVCO3JVD
81fb06d206c3e0929453da548daf2ed1318eacb4.mp3,DBLDDDF1
8295333806bafbe98ad20020f677f9817c7457a8.mp3,TROYOM2O
82d74bafeafa6f4fb0ddcc9e000e0bdb28990ee3.mp3,V555H88N
82d90aea7370d3393d8e133d4674fa0768192714.mp3,IY4DDEFV
8312c4f199de2df2c783b0ad20e178d71bbf862a.mp3,BH83YT4W
8318375a40a023e5e137c36736a2e0032aeb3d6a.mp3,7D44MW70
834083522d611179747708d5acc4a725d4a0f0fe.mp3,2TEFT243
838c6c276cae5a8380f1bf32058a3297cf03018a.mp3,Z2L1CCJZ
83d8f24b92931ec76221130115b7f7dd960ba2f5.mp3,NKNMR3ZM
85c0868c20828447988d2ba6551186774e4c1301.mp3,J5K7LL0U
85e926f2959bba2d5f10f231764b895c2efd3bb0.mp3,E9ZU2SSL
8631ac8daf6d5cb5f75ccda45e05afabc30ee8d0.mp3,R3BALL1H
86969e0b26422c0eabd9f18027ae127289a56516.mp3,8T57SSEJ
86b5f0be8ad195fe03a8a3d1ef4f16fb3610cd44.mp3,EF77K7F7
86d66d6ccba440bc413a4ee0d15afffb2ad748cd.mp3,WDNSJKNB
86e974f3cbd0f1a4520c57c2b363d695143794b1.mp3,HT5ERGO4
877514cabc652c4acf44845dff207f57911ca548.mp3,QTEKRR2P
89d9aa903413685c77932bfa86d4f11b3a98eb56.mp3,KREJ993G
8a5116f5b85c40c13c58978cf806925e9ef66472.mp3,UXR9JZZ3
8aaf049429c9b14ce6a6f35112c41ce6631fa47a.mp3,WDD4S1TO
8b2b7e8ee457433de1332d528337f621a2cd9f76.mp3,2DGEVV5F
8b3ae92d771622fbbf8b945f6828d7dbeb7b11dc.mp3,CC98VHV2
8cc410705cbdc8bae2177f4830f68b2e94a3f283.mp3,V5LFFQQ3
8d81a4bd3af36171eecfbd05a3ff37c1774c30db.mp3,RPYVYM4E
8da2fb2c052d6f468d337105d39296152b319dfc.mp3,6DDFC71Q
8dbf2177fbfa1771cd7c700c73d99e29382153da.mp3,E0MM89DD
8dff74344285a162acf3a0f312005d3f80f63d68.mp3,Y3H7F2PG
8e3ae05ade7aadb6b3a9c7327e44103a7913e49a.mp3,4BHU1E0K
8e525b1555a417738dc7130af13f2ebfabe162f1.mp3,HX3E9DGG
8eca51e4238f55780373c5b37de6e71589ce0b65.mp3,G4WXXWZC
8f289efa8c4c3163fa7e3a8ace108dc6080105cf.mp3,UVHSSLL7
8f69edf6fa8a5140a2c129899084d9dc9eea187a.mp3,PBGP3145
8fa69b5d2c44151d2e92398f09c9f448eb6bf5db.mp3,E378YB21
900922cfe4d82e1d7a7fb73e44f0729e9a065ebd.mp3,OWTLCCPG
90bfbf1d38a078ecc07559645bb5a9cf4804cfb1.mp3,HS5F4PZU
90d5969329b4de1f298c99b6b01867366f8f738f.mp3,1M4AXDOE
90dfd842db64f097d0c8e532501aa7dbffc7540c.mp3,XRV5LO4Y
912135d34e2865b0eb3a2ee2f432c009314f7fc8.mp3,VGPBZZPW
915082ca4a4402aa5ea0ac08ff5a86b66d54d93b.mp3,QAR113LF
9159946b726ea58505661fe29fa60c358bbd106a.mp3,HIFFDOKF
918566c63eca722f57f835e2154bde2f8dd534cf.mp3,YCYQ5GWO
918e38607f3137b4baf6b8ba1dd4c2c2fc51019c.mp3,E9LLJJRY
91c555fccc0104b5c318be897568a29a7c85ff84.mp3,N64H44NG
91fea4391e848752ac5090b5577187604fd26768.mp3,PES9OL40
923bf507061fb9fbf80b08e65f772def521e0bbb.mp3,BP9PXXXC
92a7a7485ddcc70fa9938964ccea94f3e3894a80.mp3,03446HML
93678a80995e2b02c8db61be89bf4d447b0b750d.mp3,8JN109GC
93bb53335079933d221ffa857a8de3747d5287ff.mp3,9CKKOJZP
93f151cf9ae17f414c9cca95cb788175c26db3ec.mp3,OXV3ZID3
945f86dbb1b7c56114f541110c701bb34bb990cf.mp3,NMYY8AAG
948cda9390caae166237c8627e8dcf3b722eb925.mp3,6MFPPGOE
94a04f054c3b73b693c00c25b794d651b9afbaba.mp3,QYUU120Y
94d2ccfcdb9736485132896e2a8d90d7453906b6.mp3,XYIIEJPR
94fa234c9254da283a55d3fdf943400238308615.mp3,YUK99EZD
951704f051da7378315dee562bcc552a3518faf1.mp3,JT48NI4X
957591c963958709485688087250941d14a13df4.mp3,UFE6RYOD
957b6b07e3f56d2da0f6f7a9f2a0a454bc07ea48.mp3,7FQN519P
959d44235b4cd3a5a36133526d923fc06d1afb66.mp3,PRKFDPDS
968c0f4e6e2241f380a8abc6b625d84b2a68b0a0.mp3,I6522SC0
96db4020020851820c5e0d9deaa6a70f7d012c21.mp3,JQ3L3NJ2
97651a56b06eba1c1452f090c1b6387a17d48936.mp3,F6YE4ARO
97b2890276f7b37f21ea690a07c76847c06f740d.mp3,C3RL5TCR
980637320c53bcd3f71250accde80ac57a95fa6b.mp3,PYXDSOEX
9845806bf0472ca575a8e2eb3b5f7d2f50b61774.mp3,JABYZ3ZB
9870d16191061d30ee78347f05b44dc1f28edf82.mp3,FAV94PM1
98d2360bd4ce7f510ba025e5f8668d796ee388c5.mp3,PTS76CFQ
991aabbfa94254e23407c12e0ceaeec95ec09b2f.mp3,03PP1QEV
9973fdb3aeae2a24d755af3659198d7c5bb76bdc.mp3,12062670
997bcda87e4fc091f5e4d50ff9bc2fa152101d6a.mp3,PVI7DFBO
998cdaa864b52b22939de7805a3fc0f4713c717d.mp3,RZRVNPJF
9ac26b7fce4bfe68177cefa38f3b4f6d07d3feac.mp3,ZVW2YY02
9ae4695590871310b6442eda0fe65f4156bf29b1.mp3,0AVV6NP9
9b7b5539a7991b2daa31cf78f3e2e10a42ecc5ae.mp3,7Z56T22T
9c6d0c96cd13a860742a60b74c59938e1ee97c39.mp3,NK9DTII6
9c7210e3554c0e458d1a3fec9c4f399cfb6f9af4.mp3,I9BBFF39
9d3f01065b2b33621729477194e81ebc47b31d41.mp3,YZT9B2B2
9d91141bd78a18c7601b598defed2073e51af682.mp3,Q1F5HWIT
9d9d46584622e3143e96940a4d45d2e6c2c1ab81.mp3,K4T6YYBR
9db77f174e63d60d4098be47aa9640f819352b78.mp3,ZEX44X33
9dc05435418b0cdfe41568c7e3796603ded11c0f.mp3,W99OUEDD
9dd8c0ada3a19faa4c70e7ad57bbdf084d1fbbd6.mp3,5PIFWJLG
9ddcb152249d460691a4a1f8bb71e2ce73294225.mp3,6FC55WEF
9eb3dce159f85477e4f7c2c3e6106389eb11f289.mp3,WQQUFODJ
9efec7342eb27ec34e5a8a2f842450d6a373a496.mp3,IZ77DYWC
9fd339e5a524753c77cb74f3b5a496102cdd063b.mp3,OVUJNYU3
9fd470d5f96086eacb3255edafc5a02493f6fb29.mp3,4FC81Z2K
a0719b315d5ff64f0a425203c8d57fb78ac31fc9.mp3,EGGU1777
a0ec2501b8d2fa0170838c56ed2be192e992607d.mp3,P9977VPI
a0ed0cb5625ec1b6a8156a78b39b6c8c95064add.mp3,GTRRELVV
a18092ac5339e704117f24648fea0dc4122aece7.mp3,V2NWV578
a1fc17e426c07f0b86903f8b55e3c63dfdf05459.mp3,VNMUER0U
a252b70677dd0caeffbd547db41618aabc3b3b3e.mp3,NETIQ425
a27cdacfe966d481c97aaeaa806323a35299f7e2.mp3,HFAW9E3F
a327a1612ce61d2732f7bf96c7e05a9531242d8c.mp3,3LR41RRM
a382047f2ede5313f4439646e93cdb54589c879b.mp3,RVGTT7W0
a3b44ffcfa12f6175441ecdbb83428fbc36201bf.mp3,D0N26LIO
a3d4c437a8e4285f97a721b7a23690a148e607ff.mp3,KTOF3CNX
a41c010b55b6f50178a0fa5d3165549e480336c2.mp3,7R99CTTD
a45b51c1af4061e3ffbd67eff0dda42f034676e5.mp3,50S27AQG
a45e6cd384925898b8c6c794fd0a4a12c9a22eaf.mp3,G5R7A9PF
a4ab3cf85fd9aabc15c5e87cc6750d16a8c8f7b5.mp3,YUD3YDE3
a4cbd551ca290946e99b5832ca9650f88731b6de.mp3,2NDZ8RCC
a531462b3a2eda48ac7807979740edeee2030404.mp3,BSIGQ52N
a5e4b25c41d6878976aad5692b51056f041a831e.mp3,56O05WZW
a5e5f4ee36d554c3eee2dcb63bf13859654bd8e5.mp3,ZEJEAEE5
a6722e60c366cf1e7fe92de728b79e287cd682ad.mp3,TEYU44KK
a68e8920742baff78516ec2cee6b92129d715e77.mp3,LY68PMCQ
a6e1c9db370b6c754ca8c96f40ddee32b3bc6557.mp3,S688HHMJ
a73917a81e6fdff5e6d5f9144acf9f4107399482.mp3,2CJ11FF8
a8b7a23abdbf03c2b88c3ff6b344edd937053f18.mp3,LRB3FE04
a8ba5cf44184e91145e9f4516a9c5644234f2ea2.mp3,XW99UVWH
a8f3433f56cf39472e923b446085061f232accb2.mp3,UJKPP25E
a9e53d2ac8e032697741d941d792e060307111e4.mp3,9ETOHQSZ
aa2c116e5f983a3b1e855ccb471d4bb7d05dc5b6.mp3,9U1Q228Q
aa5e317dee92a9fd7c6c0fa5a4099e6684ec4b2e.mp3,V03BHN8O
aac8f8f84b6553c0dd152cba9eff6cde91457476.mp3,M6EZUDTF
ab9fe279b750f7f8ba47a69a312d685f898d4a4c.mp3,A9H33QQ6
abf4570cd9882bb866e2b765b00cc591b1a52ef8.mp3,OMJEERDM
ac18a6349bd9e66cd9ea93301cc89cff9815c4e4.mp3,N451W0N2
ac28921806a1fe68ff1eda48f30f326ae82203df.mp3,3RWQQS3U
ac3def5b8178e76759cbc88dd2fcf474963825bc.mp3,RNE834CR
acb9f6b2b8ee6225d42e8bdf44a107920ba68a7b.mp3,2ROBURHJ
ad1fd5fe8a079186bc6bffa85e346138dbbc5a9d.mp3,1E1LXWOO
ad5d0b8efdaa75ca46d1815e5d46acf7dcf95725.mp3,F3QUWXLT
ad60fa6af212552900c00235ed9d07e4473c079e.mp3,AVDVQKDD
ad9e676c87d69b0a717939ac0ded0a980cd524ac.mp3,YCNL8VUW
adefe24eeca59935ed297834e2294b81847fb170.mp3,6HRW3AGK
ae0d9fe6646169a4c1b7ef7d260aa2f50665af1d.mp3,I052PN74
ae2cffbd8177fb910404b815ec57510ef75b9517.mp3,801RRIU1
ae2f18ba16cd0010058f750883fe2ac52f324f4d.mp3,DALGRRYM
ae5aa5d7c9d57d240b31648851027a3129574f6d.mp3,9BIL431X
af5e836bcc1aa07872df3a00536d1a4174b65f60.mp3,TKVUU44H
afb13f9bb2e2eadcb46e8dbd7ea5e8a4a98db361.mp3,6ZQDLQKJ
afed4209e190ad788382375eb55afd46dcb9d78b.mp3,F3R7EOV4
b09f268bd6708d780f1591ddb698703ce9c19dec.mp3,U22YVVUO
b0daa7bb5233292fcde162daf7a8b85298720387.mp3,3VO88D2O
b107899f7497f526392361aa9a48c346ed925b85.mp3,HO1E6428
b1cf5a05dacae62d4fcdb71bfa944de119c499c0.mp3,HL5944FG
b2096a678cea6394061620dabb81b3c2449c6171.mp3,M1N4CQ9Z
b27de2d0d369a3af5f103231580337fce2a56ccc.mp3,6R94PM06
b30a1c45b7ae610f6afee151337a554647694c97.mp3,2FM7W66S
b3d1f876d042d8841d1220256108bee0e172183d.mp3,S35N11XW
b3fd9da5a650ad6c9379faecfb99e8bf015d933e.mp3,9EMOJNEX
b40281de5f54d8d71c5117870dc7f80b8acafbcf.mp3,F7BKKB80
b412a30d87426b7656ef77f605a8bfba1735a0b3.mp3,EF1YG454
b43cc83db584894880b5c71f91fb1db9d050f938.mp3,B1LJUUFX
b4538608765aa05fecb3428e86a4b8d18a770a68.mp3,W10HZD9I
b4ac4c539503aa59bbf2b590db68abc2a23177d1.mp3,Z7RB330U
b4eea09651cebd700f2ff9a03d122cfcf4148e4b.mp3,FE411TO7
b5669d34e5eafdd898af74015c1baa632e94b151.mp3,3D688XCR
b56b6badd216bc0f53ef5a0ad6dd189df1712880.mp3,M2UM99OQ
b5b06688d5660785950ef22dedacb80704e14025.mp3,XUL46OQK
b69bfbb116abc4ef5509848c4d4a13524c4631e9.mp3,ZF7L33V2
b6be165113997668d7fde53fee6e4d4235d58568.mp3,IFFJNUZD
b6fede189dbb789c939e71862d41a4a4bca14436.mp3,OO1YFWW7
b78a866860996ff37409fa4cd98d6bcd6b03ee6a.mp3,7RDDYNEM
b78bc5de7b8e803916a8bf819b4bfa1dec146a95.mp3,9QJJQNF2
b7b8bef29d93f9b24c148d84a3de76c151003161.mp3,571RLMCG
b8d390ef9ffe88f397d59c1c0834783586c4e897.mp3,YARR945Q
b96a2b408c9e6f683dd51a628aa7f9125b3548d7.mp3,OCLYUYRU
ba2560eff1459e3a5584122d536750a0335e70c6.mp3,U3KMZVPS
ba39340353199f99b14453f44c861bef1de55cf7.mp3,L64N1PPW
ba462267df26118300a93071cb9c68258f3d1679.mp3,UAZKYGBB
ba54211a6938c1ff7d75177170875fec3f9ea1bb.mp3,0YDFFQ6N
bacc362b4914003ee9cffac7d4d5e633edb6e215.mp3,PIJDYU42
bae603fd33a0b7b6557825d574f623b5bbc2927b.mp3,23LTOTIH
bb19faad15c34e2b8531c2bc0808673a10ba9d6b.mp3,Y9N044H3
bb2a9f237467b4e6df17ec6598527c044709cd67.mp3,XXWWMA1Z
bb399b2abb483f39f29f53371041bab24f57828d.mp3,3XOLLL9C
bbb7a47e20677f6efcd1b866cb525d4dab226e23.mp3,2TRR9NNB
bd3ddd94e94c3f9abe34434c2639277dce598bd2.mp3,HVVVKYYW
bdd089124e32cc1b361e9e0ae3633dca3259b4c0.mp3,6VV20WRD
bde79b400cfef8d86714bfc4cf8cd9d03b8bf079.mp3,SFPNKKGD
be203eea155924e48f1e6d7820e49747aa2807e9.mp3,L9ZLGG5O
be820a9a0f340e51bde3e098ad2ab1e93dfb286e.mp3,FI2NN99Z
bf31e453c2c5880a9bf1565937a70ab5218dddc4.mp3,T7UGPWHC
bfa6072a8742db78ff377c5ab56d44330b198990.mp3,EB7E0LLX
c066bce214c9cfbc18fb469b308dc39777c2276d.mp3,DRUSB22Q
c06af2e6060134d8e75ae7d7fa78578a384df446.mp3,B2M44546
c06e6414862c608d45e692413e13c20301886266.mp3,TBF244TS
c07b33c745fee240838f801de6d590d3d8a30ee9.mp3,ILWR1QX4
c0837d1d11d7cacc033da405bd79f052c25c6b77.mp3,L4ZO9D3E
c0b77c297abd46c353a815c2608207cbb4166bef.mp3,O15D9EWL
c188f3dbea2a2cdacb169bd7191ea5e70e90009c.mp3,K2OXBDXW
c189825fddc43f4aa6c1d860d500306bff734b8d.mp3,944QTHER
c20efb3ab26adfed604c188cc523de81dd48dac5.mp3,MRAKOXYO
c2737d40f2b4ff83143a894febe15fd917ae8a6e.mp3,KFVLDZ6O
c278c02fcf6c24f017396d0189102c816fc224d8.mp3,4X94J5D5
c2b549e2b38669b2d14da88e4fd7103125c10369.mp3,3OH7RV17
c33db1cadc192fab00fdeb5c31afce67096cca7a.mp3,T8BVFSE2
c33f86d78a63c3dafd96d4958787850744769928.mp3,YQG7S97J
c34973d13f09fc938f17aee0e2055106499f759f.mp3,2IR4M84G
c3d0fab990ae6c8ca3e49194a243f7934d483152.mp3,GE62335B
c3d81b37c04aaa1fd1aea57486d2a6a151780034.mp3,7THIBWTL
c3fa598fe3df0f65f03f3dc85d2745b25e1a4405.mp3,D34V2Y83
c425c42f2288062ae6328935221991ea281d302c.mp3,AUQ9XX22
c42e478eb14b7858da86b35981e7aafc25a39252.mp3,6WWUU2EB
c49d181ef302dbdb637a97ff3b93c7afbd96c705.mp3,F6J2ZGV1
c4b0f351c3bf3be4694284f40579fead2250377b.mp3,EURE1ATF
c50505f9ac0dacd9849917535cf25e8e0e08ae22.mp3,5EQP1BEO
c54e9e6d2c2475c86e8eff3a406c175b27640230.mp3,HCOL51V6
c64eb35fa2de1b10ad2a327c5c8da0581bd7127a.mp3,OLRR0VVU
c694c1e7429822a4bf8aca297a9651795251ab89.mp3,NEZIFHNI
c69fdc3e0937cce66d891d91bf144a441546c9ac.mp3,HAAU5VV9
c6c771a50adfbc7fb726d84c16c47e2ff7e4bd04.mp3,OWKP2FPJ
c6fa3fffee2e8cf4c342caa705ca8a222dfd98e1.mp3,STFO9ON3
c73737d8aab26ad9f31ced75565a314dfdf4ed6f.mp3,3QJADAHK
c8f56218da68d8d54ae72b245b64c58c1be20e5a.mp3,X55FBQL2
c9ca206c3d68e72352b2cf59bec752760e38a4c8.mp3,ZFL25ZWA
ca94da8a383de611be94a4b60bea6bcd1777327a.mp3,I8YSCQ9U
caaac06f193dc5978a13b78f8dac803a59486b2a.mp3,S11Y9IOE
cafb75581c17d97545e2438b22ef33f4386e0e6b.mp3,UFNZZLRH
cb05e3b9f04f1b6772a7ea0ea21545365699dbe0.mp3,6QQIREWG
cb5d7cc2c384606081b89a35b4c7f411af2d6e88.mp3,NLL03JJ2
cc17ed05d737b306acc59196d29c7a2f28d61e5e.mp3,RXD3W33R
ccbf6eb9acaf9104331a2428b363aca425c96bea.mp3,UDIH7IX8
cce018e3c26ad77276ba87dd19bad1bca5524a3e.mp3,RCRPBL7H
ccf26ef39d1f6d78962edd09958cfe278051862f.mp3,OF28GRRY
cd40b34e8ba551966c14378db42819674e39743d.mp3,3O2T2S02
cdb745f14aa259b90872c31d675b9a68eee24404.mp3,F8B77IT6
cdd2312358c4b9d28efa7eebfceab639cfb234e0.mp3,VXOZ11U9
cdf3222ff0dbaeea59c68e8e78efe1a1c67579be.mp3,W4OOD99U
ce10d982f2b625cd44f845298abec31b74f03daa.mp3,VHS52IM2
cea0a770760d6de665ce2f511b3526fc021f9b83.mp3,SQC022CY
ced6de586722e0fbc6b8093666a9934dd627bab8.mp3,JHHMMUL1
cf285c26577db432f377d7f04ae7c6992b4c0276.mp3,TW3SNK4R
cf4d1952689de6786d149840ce1f22c097e19e6b.mp3,QC2J4BBH
cfd2430a3320ebf1a7cbf78ec826ed8896fcdaa8.mp3,1N73369C
cfde1a227d0538c936a4b5070581b4d35cd667b0.mp3,LRXX26P8
cffa5c579ef4ee761ceffdf63fb366b8bfa21f68.mp3,NXO4NQQZ
d047a4cd41a49836e845e24b6020b32f287d4a57.mp3,P2PD46LK
d09572a36a1304ae1edc87e9e3eb01dc8aa28e08.mp3,HJND88QQ
d0a3dbd96051326239ff251bc24f7336bd7eef66.mp3,UP7MS3KY
d0cf6b9c0f7b5af2ace3dd4d82f3b4c67ffd7c2f.mp3,TPC3LLXW
d13721a51a8c9ecba341745b14019e011b9de149.mp3,FFPJ9YLD
d161ec5074c3d5f500a96878912b4208ea9077fa.mp3,K3VXBP73
d168648446860b6036c0439ee57e6bef5d06647b.mp3,ON1X0118
d20ed038979aa7c47f82d149db67089a332e503d.mp3,QSYYSS5C
d2be907056aa0827b2a832a0d3dba39e4304fc6c.mp3,LG77CBIO
d2ef9c48c5d1f3920391dbecf74770fc752fe89f.mp3,PS2OK7VR
d31a1f53bac060df51d9fdfe79e39ce3db2551fe.mp3,1G9AC7QM
d31bd10e2e51be2ae1410ce17ac51cb2a661625e.mp3,OL95YSHR
d334454a86ab174a1b8a20c2cdd43af57c4d7bc9.mp3,722WW2VI
d35359fd336f0dfe08908967fea7e04d8e6c7db7.mp3,DVOGS2IR
d389814016aeffdd4f99e13549b25ec4eef1a43b.mp3,25OR1HB2
d42b17fe5ed1769aa6fcec0cd428e890fc2e7faa.mp3,018XA3PM
d4653500447275b824f4276e070d6a45bfb2b06a.mp3,FFFXGMM1
d49ad0fbebdb260744a28f1e3f435f8500317cbc.mp3,1QJ7Y8LJ
d547952e1aa45c3f840f29b8f7245433bae836f5.mp3,X5OR231X
d5770398318a956b1bc060591723e8d81a0fb0b9.mp3,PDJQX6QE
d584e1ef70d799ecca92b9ad011d85e687be402b.mp3,5OTK2UMX
d58895ade385b1da6c8fddbcc334b1ef31138616.mp3,BMM9HBBQ
d5b8d1886ae2e4181b573e54748a971ce5930701.mp3,OXEZ8SF6
d6f477dc56827f29f45fabb1a31ac1d34775f558.mp3,4XOV22RJ
d73dcc365a224ffbf789134323baec422e2e1699.mp3,O07IL1DT
d7a369589ee47639b0da90a82b28c9ea2591cb68.mp3,5II2HLGI
d84a0556a914543acfa1b509b958c9efc2369203.mp3,6EEQPGML
d86b42cf9592bd1388b98176fce172aef947b03f.mp3,Z6CPUB4C
d8b71fd89afcef5af6f4c9bb1600c67e61724ff0.mp3,R8L3376P
d8ee45c3c2c32cd4c3078a532e58a7e8703f8aeb.mp3,EQZQYO2Z
d94dbd6da2b426d2f54b1dee4dc64f513bd7bd91.mp3,I96OOC0E
d9617697784350d6d85285904ffc2939973df9b6.mp3,E4O4DREC
d9d8523fadcff7d11b88ff024ad9e185a2026be3.mp3,XH22501O
da6c98ecf85d512d5f0f4090c6f6c3f07d65367e.mp3,X890SQNL
dad30dc2ed9cd1063004a766c3545744c660c306.mp3,DPL96C3J
dbe39cedef72aae9ecc9c86c43a245cd5f43939a.mp3,4RN55T7Q
dc5e9e093d14c47b2b9d7dc564d323dd9dc48a20.mp3,C02JEH03
dc65ebd74268b9fabe4b6cad1934a9402c1ede2f.mp3,BAFGGY1E
dd2553508b7485f0c9c353135becbdc8328c2157.mp3,5VVPDC8K
ddaa5ebbb57d0e803396eefefdd1726c8fbd1f3c.mp3,LZO11W2Y
ddea61ad4d63158031094c90ae9486ab86131980.mp3,41Y5O15P
de37851a71ae71a708fe55df7360404b58e34f25.mp3,6CEYF0LY
de94d21e089c3cf58fbec82736aaff689166c2f2.mp3,4JXOT8G5
dedd03e1ff8befb1e284534c1e6b02c8ebec4b93.mp3,L15YRNYJ
deebf0cfcb6734bf331ce9c72825eb5d3f3908c5.mp3,H1BYX60O
dfbb58fcbf54bc3544555415e33df17c9965b01a.mp3,F3FULJJN
dfc76c9a54b80f1757cb0d28821d603849d89dbe.mp3,OB3VCQW3
dfcf163ed6800f27c5e29027342ffacc40267975.mp3,BNV9OSPU
e07d400717f115cfe7f87130fa46763a81d6486d.mp3,VWNPECRP
e084214800b653666336ed6b67aeed25f2aff6e1.mp3,REGMM12N
e091036a53aaef5bbe6d98ee3b1e33541b222f06.mp3,HKXPZZMG
e09e0e288d6d6b22d348cd0515e90d94bf93b00b.mp3,50VBE5EM
e0a7e65a18bad2a72d91fe5351d5f40ae061ca39.mp3,V1533311
e110ff9b511d57d9d4cfb2af04ec2577b68e3a42.mp3,BTOA2WWJ
e14926cc2caef3e6b4bd7414313c8dcde184b704.mp3,H1YHZGW2
e1c7410054874b2001de77883c3a86c169a2a263.mp3,Y1402ZMW
e1eda3c54df6e8713ab0cbd51341efc159afdc4b.mp3,TM5002O5
e2a1cc837558ea5b3413da6f2ced7c748a318d7b.mp3,OOSSS779
e2fca119a9661fc096da8bd5fd366c8422a811b2.mp3,L65C7EXM
e2fe67a7baa7a203871f9871b1b06f60f6edeffc.mp3,QXXW77M1
e314898f2dca3eac0d671d8596d031c43f612896.mp3,7VV1E11M
e346f79ec1bbc1de40affee6838221f5523dc259.mp3,EPBYRZF3
e35c5a7c98e5a5a3ef985672f548f9150bc60158.mp3,3LOXB6J7
e37a4afbd1d73585ab8a47624dc43b929829268c.mp3,TJWFFW6L
e39b8f7cf074cf50393533acf7500c7fa8104fc5.mp3,MMKXFPV6
e3a3fad5a259aad497539b2eb99a8ea4ed330652.mp3,YXLUJPPW
e44822a18b222bc690934f4652a5172d799b639b.mp3,X1544CVI
e45c20ec4d9b5d34605893ca92a698013b79c8c8.mp3,SZSTS196
e468321314dddfbc2cee1ca49f99f388549da811.mp3,O4G7N2KO
e48715016d9105b6afdcd0f4f3e3f59e7b6172bf.mp3,CHC2S39J
e491c139a6538df77e25418cd7e080a38bae43f6.mp3,VTEERVAE
e549cc0912eb3f4c66f459497afc3947dbef2508.mp3,LJEHV0GX
e56807a75c3ab05255bb43039c09677b665a4775.mp3,0E3CFF44
e5c3bcdc4204e28c12c65f0c616764c747a8a328.mp3,7NNDHONO
e5f9472997b30ae4aa2183ca70863d278c87658e.mp3,XE2U9ZGF
e6838dac4778fb5a2f7870ee4860738a6c08cfa3.mp3,QQXFFRDD
e68d174e3df51dd4e3e075c98509cc461503e3e6.mp3,CIIO22CQ
e68ea1e1fbfc796cbe91470e2014700f654ab270.mp3,LWOCG2Z3
e6ba8a9418c832ae9cea6465742f3e2a31231c63.mp3,C3JDLW6E
e72d9ffa820cb435b10dca299430b0c0db6cb22f.mp3,ZO6N991D
e73a18b870e0582787dc417747cfed4b88ba892c.mp3,CBXEEH1A
e73b66cf9168cb6671b28ba3a22a24ebfca9de86.mp3,58977K4J
e759a18b363cae823749e9d22bbdf36e85a4bdea.mp3,7KDD945V
e76205937eeac4ca940e09aad18a37584fe8966e.mp3,VNM3ZZ29
e798e44164437c8001ec7a3acddc6e73a6cdfd55.mp3,VI4MM7JO
e7e4446af02c79033ef408255fad8f822f7e6a6f.mp3,DU854TNZ
e7ea2ca0183cce573835572580d32209545e64c5.mp3,G1UL33GY
e856e57b8fc2cb5c42f1fe1bb00f80e5f40e2c9c.mp3,ZOVAS6SE
e876991ee79da0dfdb48760b6314e2faf8c5ce1e.mp3,HQ2TSWBO
e8f8600d4847749dea3a30b160f9c15da8e190b7.mp3,H1WWNQQH
e91e96d0d14b6535b4336638d79126e8147c488e.mp3,DOT03S4N
e96ac01f2c74009f8f8c1e35510cbef03407a517.mp3,TFBBMUMV
e9759f7bfb973164855ce0cb4c884d221b2c4779.mp3,QTO2TYAV
e97c4969195b08931da957cfb431462a42c70454.mp3,9630G4WI
e9bf51d476ade0e7eb98404c37acdc593b2968f4.mp3,KLHTR26N
e9cccfede32004820c5dfd4f7d42a5d185fda4c8.mp3,KBBS3NZM
eb2ef521a4c5b6a9fc6b483caf8906833fb4e6f2.mp3,3S85A43J
eb5ec2e92cff305d459da060ed6e26452abf1062.mp3,5XSNI4YG
eb683b567957401808b4df106a2ca0f786d0e445.mp3,Q7GGR86N
ec44a4ff322d083cd05c7a08e5f7e904d984b954.mp3,KMQDWO1R
ec9141c35c32670980b6279fe2248b61080378f6.mp3,MMQ336B9
ed2fac5b4460e1457fa3e5cab2fb3a704ae1411d.mp3,HFQ1EC3N
ed42e40b59f7ff1ce80d2283ebb9b0c69fce360b.mp3,PBGCFTJG
ee38f39239a74d8684cdac83e31b15b1084ff546.mp3,LZZJUURE
eec9dadaf7c9406b2331734aed4bbcf6809b7f78.mp3,5DSS1TNM
eef6344bf0835fbc726c7f58202315b93a5e4be1.mp3,MS1YIQCC
ef60049189075d0d64a49db93f410377dc022023.mp3,Y47XD7UQ
ef7b28145d0b8cc94002ebfadacd065bb129c7b7.mp3,QCT4UUFS
efb424de80d1c71f7e691cf6987e9b03064dc2e2.mp3,9LTT2YIG
efe76300525c2a7abd8d57d8144ab456f7c1ab4e.mp3,BFGV21EO
f0089ab35bfe1ade30ae9ed0335e6cd0d996cd5b.mp3,33T6L50U
f02ca7115d79f832157d9491731460551f6f151a.mp3,81E34EZV
f0dcf2fe9e96a5f076520b834bec1d2d2e3d6cd1.mp3,O104P7CK
f12d9c9d68cac2633cb5976a3cda0599e5b6a9e8.mp3,VRLOTTCR
f1811f89d1eba207627d17db4c78a32df366236d.mp3,5ACPH3IK
f3d5be867db777ce1623f4539b01ddd2d52976f2.mp3,8WQ0BCCG
f3ed184d527cfc87993fe12666446f9a87d96011.mp3,EWO4UQE8
f42949bee1289eeea7b98528d7c17fcc04efc86a.mp3,HHKSEMSX
f4c698a5d13a24c0c7570c0566cc82d419c42cdb.mp3,4TN998XE
f54304379bdafc00f452eed8f316a79546707c69.mp3,9NWBBOFU
f56207ab44852d9a1663e29f663e4fe245459344.mp3,N2X5599L
f5cb549f0282d6f5886c5089e94befcc589119b6.mp3,UXZMEBB6
f5f024a908e2b4ca4b104ff9d53e8d60accb024e.mp3,QYXXH2EM
f60b9ff361f4f2876c66c21abdabbbae6123fc9a.mp3,HDISSW06
f658c1c5e7cefd1f410da27bd55a87fde4527f15.mp3,B7OHA5K2
f663894b642ee3d667ebc4f87e276bca0a195d11.mp3,9UHROQSN
f6cbedfe96a30e38737af421aa3cd63cf17e17a0.mp3,922C6TT0
f7677bff742e624e007e1eb97ecd76dd89bd04b4.mp3,M7FDDA8V
f78f15faea80936436c7dfed070d2c34a3461ba4.mp3,IBRMVLUD
f7f5a2ff5a8b145e2fcabd3ff1e7fcc929dab5ae.mp3,CBXBZCM3
f8910ec3753336bdabfae5d4627b926668ff565c.mp3,4IMMN22C
f89dc10342ec886d294e0884ed904046aecfda09.mp3,E91LF334
f8d4065d4de31e1c7e0e6261309bee6fe343fc52.mp3,D1UXVSVM
f92a9abdb70eac69453471499079f8bd64fbd3b6.mp3,TEV1U2RV
f99b81d23a8529820728a1a10dbb68fc5e5438bc.mp3,YLQQ27FC
f9eba4ebbfa924cf59b139e51cf0fcf7978b51a3.mp3,4E8BBXLF
fb0c86634175379be929bbbfc65dc1db984c40a4.mp3,HZW77DUU
fbc380067ed6c7b80487937733cfe631a7956578.mp3,PC7MBGXJ
fbea1850b615f235a2347717b08673e5af5c7921.mp3,41H4UY1X
fc226a960ac3f2aca0b3f275cf11f77904a34c6a.mp3,HL2UDDVV
fc2407e0ce6033abde8aeb36ac1039145bb3e2db.mp3,X58RS7WM
fc65a24df2d9fda1512a3fc00aac8348b17a7659.mp3,9UOAGP5S
fc7703fd61c3dd844078b05057ea4317362e7047.mp3,UQO9KKXS
fc81b48aa755a4b03163172d537303f66a25e1fd.mp3,CAV2DHNE
fd0ebf20f008228f3903791b69e4e95a4a3a5b64.mp3,A7CCGLI8
fd894579a42da43d6437061fd47148611c06e307.mp3,EZJM619O
fe1c6446323568418087a5bd2d16a9ffebc9968c.mp3,7RSI696S
ff910db400d6fa0728c0ff4a837db8b23ad5e396.mp3,3JL6O114
ffbc1acb7ddb056e800fb21d569c2923936ec50a.mp3,3X522I3P
ffcb381de46d3199214aabc07b77a2632fc8735e.mp3,TK9UULNV
002d4776fb84e08394964fa6837ebac21a5ee2f7.png,R2BHR46Z
009f6e78bbcbf9ffb8c01c69aa2987e199aa2ee9.png,EA42MH53
00ae9e23bb1574ff71b1d99780b0bf7fcece0546.png,HHKE94GX
00d706c2969cc5b831616d41c30cbcb960008689.png,FVIRC9VA
01ad3ba6ab792112a7b595b9c2a17b92a7ddc58c.png,WBIN6JT9
01b4edc84b5803742bee327fd5cddd2b18ba5062.png,F53QVCPX
01e9337b3820d91d331e47448ba932038e747d18.png,F7HN9OVI
01eedaeeabfdf25955aa6c59427321be2fc5d701.png,ZWVVPXP5
01ffc892dd4e75a3fe07792421e27a38d8dcc84d.png,5LIBW6OC
0210469c98a28f202341a0738b0140aee9435840.png,Q798ZQVA
02594cfe7475b224d86f2b7ced2391e7680352fc.png,MUZFTGCQ
02cbe7e7c1351d33aea0b3b305056662fe97e421.png,T03994IW
0324f7ca0192fce306fa55cc59904881f56807f2.png,T2SUX5CT
03bc485dcdff788cdf86e893593424f23645551f.png,6WAEMRAW
03d2a0dc5d0ff0ea6271a930288161d5eaa6364e.png,9BDZ9R95
03f38b2b932df885980bef7ed9534596a0bd9764.png,U16WR371
040af0d04d5fc3d57c2363b270fc728cc5b62e65.png,QPZB4SXY
0459bb8fc7697314e3d367f84e59409e8e4d88b9.png,R0O3CCWT
0481eb37865ce718a6a8affd5c32d18e68fea210.png,TWWEC21A
049860eb9a806389d3d7dc731e4790ccc2e8e359.png,XXHGLCFM
04f7f060ed2fe4227f2b3b4a7a2dc05c0ddb1fee.png,YMFR8J6C
05788ad3673e4a4ba7ddd6d489ea358e2887ab79.png,P90F1BE3
059699a5ad5372f9e17ff0e8fc44001ea7798a5f.png,Q2DPHDT9
05f2608749f86ec6be258e62a6716eb9e8d0a55f.png,7JBKBPHY
0628d66dce7280bab5e93ad8a51107f2da286ffe.png,WS5D04TD
0757e21681616bcfbdda44ac0e03c927c7021850.png,N5MTLICM
07deff00ce967fd505f855c51ae89697ffc8fbc3.png,2BK1UEIU
07faf8d0832f0c46cca6350751544b0ae19d57a8.png,FYBORMDL
08491f5fdc47fbd159be944a7018e608be6d5cf1.png,6GBA08A2
08a46cce82f5a20dc04b4ddd8a6757274f0ed2a6.png,DUKXGY5I
08a95126b9e8c3083422fbe91e994bf5c83d6a52.png,99ETORUK
08b3156e4a49ff6e70e6d53b8d23548b40157bac.png,MP6GX43O
09f1e1c611c5441dff28ffdb3757d1549397c9c2.png,JF4PALOU
0a6e7ee9792934cc5b80aaa2209440b19116bad6.png,TTXQ3ZYT
0a8d752b529b15e401cbf0667985a1feb8d58dc4.png,1PV7ILGQ
0aa4965f6a6475cd6ca72441860c18bc0f0fc940.png,TZPXSZGS
0b0bafbcf12f287325880cdc3996eb088beafc37.png,RE9MAT2K
0b108f3ea57f2e68e61a500e365301056588defb.png,O79ISJ0M
0bef8aaaf51ec330c893a3d398f0ff6facabcd73.png,DY4T450X
0c996b4444581fa3d1638fd2e89fee15c16b146e.png,CV2YE9SI
0cf7d5a2ea56d4a187e1731b76d9afd9886ceaa7.png,71B040PH
0e34531d538ef99a8421df33f08a811c46da386a.png,9DH6ZZIA
0ed189372afbfb72f40f58e321a86fe530e9a68b.png,XDV7TMGW
0f1c30ebe2985f73ae114a8e69523c927d2bfecf.png,4MJ52G29
0f96ed7dd4bc446b53f3a26b1cf0e24c62c130c0.png,98GQWNP8
0fa6ae1de8975fac7cc965b0edcf82f781bbf561.png,FOU0FIPF
10070f815919a06790e78599128c2c40cf46e960.png,BDG6D3LW
10d1036f82c07b29578da67915b50f79c8d2ab00.png,YOTODFKW
112740f62fc258536b2d8984080d8358a3ca6cdc.png,944U2N2O
112a703c31684a76afdf00450366344ba4cfd69d.png,1F6I1XN6
1133a5a5d3f9fd6101e9cb9548d0ce69b2851df0.png,76CJJNLV
1139de3f16636cebd14d3c9820db5fdefe71132f.png,RYJWKHXV
1166330be52a2ad5ccf38f3ea33dfbb39479747a.png,SDMDD8HD
1167a016cb9829dd5f0ab2a243fa010ac27ba81c.png,LXKOG79I
11b9d36314b1fe67b85024b5b33e4c0082a4bf43.png,DRJ6QPPV
12b0d5c16bf80ecb78b194a3aa0ce59ff7553cfa.png,KJAEUD9W
12e9b56f238df9c2636ea10a4f7b7f274f1bbb5f.png,RMUCULXL
13384fe67f73221aca864c0304352b62d51f84de.png,0JBKKPM2
13797556ecb09bc758afde859064f735c542ed32.png,K2QNQWRH
13ccefea11c059a53538e851d4c5541e97227558.png,U773UVKF
14291a537e2d3135feb1fbd2d39c38f269c13351.png,F9DN3L0X
146c807fe79a2b6f8b881145f6c25986f1276220.png,5KDDPESO
149661c47d23cd0b2dc0268a459fcfe765e873e7.png,TM64484J
14c4a7a278473255fe038ccc850d70524ecce3d7.png,WKCBB3G2
151ee9982bcc4cc4e37a69430c06c2d1b7c894cc.png,JLDGZ9RF
151f20e1dd82e92e713f61b90bbedace90de5251.png,FRMF4OK0
15280a76ab46c688684d98ddd60a8d276a765ff3.png,BYOEPDUV
15fac767f415602c4fcbdefde344b6c9848b703f.png,UVDMHKL3
1602c77b746929d470a7223cc55499cb60a9d4c0.png,Q4S4A2TO
1669d0fc8cb6a8c8bfdef7526da03d45d8c1fa4c.png,D9Q55G4S
1708d5f935204e6bf9380d5105c8c503828fb6fe.png,92KC2CD1
193393491d73b4464de32fbf88de37469b5b80b8.png,GMLNGXIJ
1939489f58bd2863c8b6d39a0d86ca710460caf3.png,EPQT43TB
19c8b784e4f40e8b0b2baabcb6415efae9a5b0a2.png,XNNE7DN2
1a2cb6760944affff9b7cd35157d5b60c3789ae8.png,QPUB61GI
1a3028c1119641218b944666160f74c28fba94c2.png,CUCJ369X
1ae7784ea0e03aba36eff557cd98e129cde2046c.png,C34FYDRX
1b545a714b3f125475da9dc1ed9b77f3928f8d0c.png,A7UZ0FMI
1b95f638c981f5895e46dec97ee947b1f2d33d76.png,SR3BFUE1
1ba100bfc26c1b3a6a06e278b6bec09da954c415.png,1QWRLGYK
1c9de561e1c176d70ac6665519132a2bfb569b0b.png,9U4TAA2R
1ceef53ccd71f4d595e23a657c43d49487c531f4.png,E5VHS47W
1d006db6a318ace61b1f88aeb431d515bcbdabbd.png,4I80ZNGM
1d256c4b8b87a7ba15c3b722ffa4f3617856414a.png,A6HOQLPR
1d2e0f82913195236537a23473f32b59b9f4ddfa.png,SNNX44O8
1d709fb42f3e927e3a8a85b322126282f57b2353.png,2EGZQZ8M
1d82b6870406cd8fbe9825d988352e9ba390a89e.png,TDYP31PT
1e182f38ac32f29f5f542e9efe37eb0769b4c713.png,TDZZVCDY
1e9fb8ed53906ccee0392afc0b73ec0d238dbe0e.png,391G9XLI
1ea897905481fb4780442ea32ac864dd6986d15f.png,OADDD2EH
1eaea395de63ab65bc5717cbead9f3dc47d4d607.png,3L2DPYP2
1f0ebf624734bdbce6e514efb2ad1c25ed62cf61.png,6OYKHNEO
1f614818118ccd8e437611403e07f1f4e88ae6c5.png,MPWIIZK4
20143bcaa7ef1fa38c11ecd8478a5b03fedd296a.png,0W5U40PT
20320505674b30810ef0e7669ed7e26b94fe42c0.png,7SLA5CZS
20bacfb17c226f0b6fc37a42fa0038047a5f9b94.png,T3H9MKPA
21001ff2c1d3b339e021973d0a9f541e1369d1e8.png,CV1M79KH
21af8124d3a6adc9b86bbc013755a33c97a812bc.png,IHOUY2AE
21fca8cc60a555edc7c0a2b5e5f0e119451f3721.png,RL4ZTDJZ
21fec13476679274c07829379b6783036370c3fe.png,CXDH2MLA
223b5335120c5c36bd391c0402a847781873b741.png,W0UGUORC
2247ea449cb0757060eccb4adaa61fb9d1d0a9a9.png,2ECQNF8B
225686ad9210d0448ec2baa5366198da53c4d590.png,GUGCS8N4
228a83a90503ff9f505e5e2ec01cbfb4471cfed0.png,5QPJWQHH
2301dbd886899357f1c57fd7bb8743002d213e4d.png,O565KHDT
232429d9972cd065de517cb32d83ee0468a97d81.png,09CVCNVR
2337d3b51e24898b81999f2da8d78bd20c1d869e.png,2GJ6A6NE
23ee4b2342d684157816b887d2ee63d6cb7417e9.png,SICTUBJL
244a0ef920373437d1509fea1cf6add6575b794e.png,3JOC9R77
246f1933a555e76e2d8045b7f9461a41ec83aaa4.png,BHTE3C4Y
24dd267369423b0d9d2bfffd563f7e5621c1343e.png,FO9G96CM
257ee7d4228f901e6726ac97e741cc2319956386.png,Y9M0ARB9
25bc52850faad6d19eaf7b5dc848ea47c55096dd.png,X5J9T2T3
261bb86b71fb1f98d19a31239f4a5f0022c507a8.png,84MQ6VEH
26d85e9a0eecde6bd09cf3871f03a28b71394117.png,59S0K465
27043fdf15abebbfd7fdb54b20d87de079f04a05.png,TNAS3ZG0
271e8de732d31df9ef37e885d5787d860d6e92ae.png,Q34R8BK4
2732c601a51a989c1eda7a10291d96a4fe9905fc.png,6NV5KJHS
27c2328c11507518d9af52da9954c5dda55e2e6c.png,KUIWDW0L
27ddb3c3210d331fe04ec1a686096d0762306cee.png,8BJ61ZH0
28375ab2ddc888d013529c5e7d98a2ae4e684940.png,PZYJEGQY
28388b3afda71f687477dd2a0cc372bcc22f255e.png,SY0UQFZX
28614845dd5d2f1c65626a352173b85fd699000b.png,L2MODQKJ
288ecb3df572993063969078c2f511f880cd5cd4.png,71AQJ2LF
290529096b1578815d501f62bc97c22abedf9625.png,SX3A15IS
294c588954616cc08efb22f1563c6736e3eb7f4f.png,IC2DKMGC
29785f22b632460082f764cc9fcbc615dacaa6c6.png,T8K8M08N
298a23d9d6dac0e0dd3b6219b29f50100d9088c3.png,DZNFMHCN
2a0676bb57c4b8576e6451df3b849395a6186a59.png,FXD41UYF
2a0daa846fd3da5a94df6c628128eee573a6c7d5.png,3RE151KB
2ab8061c088271703c73b67c04303c7749310f30.png,AGLVQ95Y
2b4f019b7bf2148f00cbfe7e2848ae832f31830b.png,ZAUUNH4H
2b5f0658ce6db43e7d42aa7b98de2bb82d7a3e7c.png,11UV838T
2b60ccf8752345afe6ec95b58d1c592b8bd31e0b.png,MVCHBVQG
2b9a9ecb33fea5a2a65b2ddffaa33d4601730ee9.png,BISCTBP4
2bca7a695f8926201bf881bb88ba78c73f0322be.png,O8KHLDDN
2be5d807f609259e433c7f78c32cd1bbdad59340.png,E83DEUAE
2bfb3d073ed2acd354b936d127dc5f12d591a42a.png,SMTPY2RW
2c326ba4feab9c8ca6e4702fbfb22f7a6636af1c.png,0N8B76LU
2c4310b4271e586e1519b2043c0b8ebed5151967.png,H60IJR1Z
2cc56351aadad03964e5a7e3ee5643781f0ec3ff.png,TUVCPLBD
2db020a3de4508e14bc5b89e2b0802eebe7cf2fa.png,6E22ZTWS
2e3280fbac4e38c32ed78ab5a58508e32fb3c0e0.png,VAKD38E5
2e3ebfbd5dcb6099afe89d5c40b274b22c06abc5.png,7TUVRL6W
2e4ccbdd52bbd4900e67aadf76c9cc4a94649e24.png,4SYW8XW9
2e7541b48b3c9c4b2e69122e93f89dd2db5ea64b.png,53ML61EW
2f22814efd6e29fb3f9ef94ed0eb16bdae8545f6.png,U0NR016S
2fbb1cbb3c774195e0044ec0af1d6cd2629dbb58.png,VP3200LW
30219b39e6ebb51ee1ac8cddb012875e15ceda7b.png,NIWT4442
30463de2748309c874567ed29595197120c60b1a.png,KPGYGXVE
30636079abc5a88cc69dd1b2f93e9e2798502bcd.png,8D7RRSC9
30d3db612e082ab4516600f99bf912ce3f5b6ae8.png,GG9SOWEO
3102683d283f50492329bbc90672ab01987a5949.png,N6PEZQ06
312086e607d2c90ae54b85a19b7b1162a7fe2150.png,GM3G97ZO
31f96e1f3b74afd8381ebe6443ac3149b5bd0f36.png,9TEB6J5F
321b4bea14d77d9bf202aaff3b2055299a0444e2.png,IYSQ3HHN
3250f04850a87a338ebb374abd7ab24adbae8ad1.png,XO26VPX2
3276ef78baca3a461d25d06952557e1763624f61.png,IMC631W5
3386a8c5493a633412224e00df2b7601e534fcd2.png,ESRQENTU
33bfcfde3853e16bec5263407143168bd8c5d3f9.png,8VTLO6T1
33fac521aef6f0593f05e17794ac1bb883828e09.png,ERJA2RXI
3448dfb73392253e9d9175399902aea27be1380b.png,D8SDBYYZ
352433607345df2c4d5503e37235dfae9ac7e739.png,DQWWGGRP
359497295d0dcc6b8952605c7340bb6870b577ad.png,3XJJ8G7C
35b7cacf1d18085ae0008b3fbc941eef4e0ad10c.png,DP9GYAC0
37c727fe10eb2409c2f44d5cbe0978fb34c87ef9.png,F45MY7RZ
384a9352fbde6170ce7f639fde36b9d048171b1d.png,7RB7KYD1
385f833367374ac5f16ef9024c2d3a12080439f1.png,C7UGT4AM
3a9ddf9fdf96a2b6ec88a516ae5e94a5536dab33.png,WI916JMU
3b7112795bfaa302003ff5346aeaabe0b2a0a9d5.png,JG1ZNUXT
3b80f2dca9370a39fc01bc97a9482365007f8ef5.png,OGN4WWXJ
3c6dcfe05ca0d60b8df47ba6b9cfad1006645889.png,T66R3V3N
3cbfbc043a811d8225bc70564fed0f40beb4d7d7.png,WUJY4P06
3cee5bcf0ac445b1dd253c6c09b7e3419fee513d.png,7LJO999V
3d2115ca2cb4b941602d01f6a0b43eacfe7ef317.png,UPG7Q4BZ
3d5c71f1e3fd79e51173754622c7ae8c3c3fb32f.png,EJQN5IP3
3d86d09ad8e1775ac7b158b3238b032b4b49ffb0.png,QAUWJ246
3df194443ea13167fb64869f19fec0e678c07729.png,F4C48WTW
3e8405a7e04f456cfc64f9bbf37377c458bd8ae6.png,MEYT1RV7
3f1df76fbcf2165da167fd99093720002262eff4.png,WD6LXSUD
4050ec17b345fba4968de2f17ad6785903771b62.png,IQU6H1BM
405c8dcf3154172b38d57508b7217ef3108c343b.png,T927P94L
4072c3f812ac1f062a423fc2ea57793966418815.png,RUDRRYR6
407616e37314745de5d4b7cb2dc38d112d5aad1e.png,QOX1H5JJ
407a15a5d07a0560b6eaba78f84661ed761a711e.png,8P61HM9O
40d2ffe5b40c956e974d8f85d8df7e726e4dcb35.png,SAXA7CGI
41042c2a35da70c3cb52c4158dba882046f78a35.png,FZJZJF0Z
4249a19b73f77ee1777d59dfa02c89bfce1e179b.png,575D7GGY
4283ac26b9c4d94cef78027d455fbf01d1085e48.png,8W5CF6P3
42e48a87557526bb1d46c5b374cf7fcd016d4971.png,9YM3M78X
4380caba7481019130b19dcc998a6912b8922933.png,F2DEGX5V
43cc765d4e4c5f7d0a75971c71cadd9d695f0db3.png,EODG45C7
4406857be2d6c0d638b9ec14f8687d4c53e0e4cb.png,FZ35FJTL
44c7d367d2b37e5dc08214a2b4da08c039e25b53.png,JHBT69GV
44f7642286b4d6b7e0047885e55e9ba62d3351d2.png,66NP1U9O
452cf6ee65fe917059482f0b8b46228daaf693aa.png,LI0QCA9J
452f8b661845717dde21e6d3f3f297fcde35cef8.png,YGKCZ8HQ
4543aa1b7bddf22bc61cd066e75113a5e92dcb26.png,ZAHM5HML
460d3d62b3ee68d2efedc87a1036952f2c7f670a.png,G40RJ9O8
462f650e22bc377bc61f3e1d6666337eba0c3a88.png,Z65DIHQT
46857e6515676f5e20cff1ba3983acfd21efdb5b.png,6MI8BUVP
4772e4b146fa81c1ce67a59ff0bae1c9614962df.png,OBGQVG2F
4778246f6bd519b9f61c98ffef944e3c9134aad6.png,FCU0D1M2
47be8af2e236cc12c65564519c0310f1f71f34d3.png,E2NN36GF
47f8ce5597bcd5879956ffd9a192f9beff1a37ea.png,TAAMOX1Y
482a8a829b46610c8a178be7fb9d556d05cb926b.png,UPJFBAVQ
483638700b26555c5e4d00f58397cad6aed31ab1.png,V92ND4KJ
489b6c22f13b7ff1680fef154c9136df30b8129b.png,M8UGPGGX
48b4b0762fe6e41fd0a5b4e3eadc2c725affcb23.png,ESFDUK0Y
4909871e50b83e8ccafd13de1e7f4eedb7bd0f41.png,JBUUU4DQ
496713515c982a46cfc990b4a212079651222906.png,R6BC5TQJ
499227acbc74603140271738b2b225f186ead1cb.png,65OQ5O16
4a0377f22c6bb7235bc4f6a8053672b5111e5896.png,X5DD5SJX
4a174efaa34044df91aad43016a328c75e1faf14.png,8J8GPYSR
4a182ede33d6e6a06887103e84f48bcc13687af5.png,NWWNEMYF
4a27d306552277da2fece0ac8c58775680442d52.png,75JWSC1W
4a7f719970d575239eb1394152420801b3a61350.png,M0SZ54ZG
4a8316db60b1b6bf0be9ec9f67ac0b90fb670a97.png,SJ7CLB6Z
4aa5d0264ba569d9be9eeeaa768d39dbeeb2e436.png,A60D0LF5
4aafb9f4f3f1618bca4ae2321d21b975ebb9dd75.png,1DZKBUE0
4ae776c0e3551ac0328c13b62311b3f2fb5e31b0.png,WCMY0IS2
4b2ee051c89e06b47e33243e4b410db6568e4cdc.png,INND69I9
4baf4c842dee2264c4f85ffa9bfe220c172a29fe.png,O5BU6LVY
4be0e81438e7cb7a10d34c7a32b35146ce21e84a.png,68O3PFVA
4c1adc6408b183d5d7f5e85888f3c9c6171e5ab1.png,B1RL2EXB
4c490d992ef03e6a303f9e4ee924c344ae658ae2.png,PBK93GM2
4c51ef7cfb79f1994ecfc49c2f1f402e2e572ee9.png,ULEOKU9A
4c5fb322433b7743a4dcf501f62290e27d61379a.png,GPV0VS9T
4ca9f03f70b79e081550a3f9cafb1c0186703349.png,3Z6YQFBW
4cc74e3315ebcddd32d1da9e70c92f63720e04a8.png,W43YYUE5
4ccded9d3a255128b2557d10d1339c570453ef7b.png,VL1QCDIH
4cddfa9d08f8d3e07272d99a24093bc53c5df7ea.png,FX3ABQFB
4d1b25f3a9f83ed8f0e92ab4daf0d8b934a64952.png,HGRA0B2Q
4d2dc52f466a38aef699bf2f48db6114c3006223.png,AZDFDAWP
4d56c91392fb36f491e756e0953b8d7743f82f10.png,I630I71K
4d8904105831436590ac9d0622b472caed47a618.png,CMMAJHHV
4e2f658a6f8e545f637bb4fab8818c97135d6a5e.png,HRFHNI7W
4e3bb1f350598e7bcba4ecc3cd96cf5b94cd3141.png,RFN3HMZE
4e3d061ddb688aebb09bdd9c691c9968209ceb7f.png,IH8CQBDM
4e9b5cc28bd0d4d124271b32d6006de665982ade.png,JSGGO6NB
4eb191a7702b2361dc4e37d421a9a26b4494b6bc.png,LR8D6S0T
4ed47f446b305f93e659c0dd8deffbae5bc73cbe.png,91XAYDVR
4ef60d6e1f083786203a2425dfbeaced313dff2d.png,HQS2B8MP
4f09b886ceecdd7a51022fac6da3c2c15efebae8.png,9AGYYYTA
4f452c650fade2e669d7a44f72e693345d382cdc.png,F97HP063
4f549fb9c9b876c2b440332061a7fabc365fe460.png,QU506G3Q
4f6817254d78b67e77d019ab627a2376c45dfc67.png,YHQ19S0I
5009b35b685635aecdfdf1ab8a8531b8ed58a373.png,H0IFWO8D
52647313889890696627c9251c3726543817679b.png,YAAZOYTX
52e41672966fd15c9e8151f82d55b38cb35c99e3.png,W4F1F5MX
5363310b54c7e8e82c9ee25702fd8ad1bdbc4209.png,WLRXIXT2
53db4de71f8da2c41bb17d6c8cdc41f79cc78e00.png,9CE6BFM5
541e766769bdb43a0a20d474930479164de41b10.png,MWU6I9MA
5474e29293ba00e87210b1162cb54f656048b674.png,JRVS5FWW
548387ab35bfbe376ef7ad0ae951667251a893cf.png,D88RRVSV
5524af81fcf44596b0b8a3b28c552108daf82303.png,0D45XO4A
552f402c62a9dc0849eacf1ab99a10b89bd5548c.png,13EFB18V
5642a7c1f4089d785ed5dce1fd829fec08eb1555.png,V1WY3LRI
56649910c4a8a0e1abbddd33127b45ca7a213f40.png,TYXTLFA4
56ee281a9130a3638cf99611f18b102efc2ca8a9.png,P32MIRJB
56f07aedb1d8ffd56f80818da5038a43d51fec30.png,5FYNZKUP
573a5aa8ca1bd99a27f8a2fb30192b8f9bde8e76.png,BN9MN2TI
57f133fe4a43133cbb2649d7843231debb2c1087.png,R0HK6L2I
580504d7cd9d305af4ba5dc5494f290463ecdacf.png,3TAIQDDM
5998c6811f8fac43d574868b3455536ad542ea41.png,E1UPYNAA
5a0849de8b39769fff62dafc80f9b1e35cbe9cd9.png,DW6H8KVK
5a7ca4ac7b6b1d0221b989445276bab98f46b5a8.png,PJTT40U7
5aac21f05880e24db59adb39f599a4b92d092719.png,AZ40IWVF
5af35c70d367218b1142a87f9e0cbeb03947ba77.png,XJ0M8JJM
5b02274cde20c240aeda2cbfe0191373d43783b8.png,TWKWRE5K
5b1239d1cb2dfc8404ce6abce602a561020e9c76.png,9R4BSH3R
5b28d6b8bbf08c992230e74d28f2209dc9c7f734.png,BRUCS0Z3
5b801bd3fa8dc17070fe89ef1ee07f881d90dfca.png,YOSJA1S2
5b95e2b02eb294e034519fe2199117b37610ab4a.png,3WWFVRYD
5bbb2134c32b37b2d3d2a42d86dc9379008f30d0.png,4PVZ1ACJ
5c5bb74f1f059c6b67b133aca7814d7193438730.png,EH843MNU
5cc5415949726644ae15f92a6e0e9cace50c78d9.png,OKBIJK7M
5cdc3a645af68f9019167d089afa5ea731483c55.png,K9KL6ZP5
5d354b25672bb8b53812b4ee3b104f702ac378fb.png,K00K1PHF
5d6f32ac934d2b6a6e2096afed60e1102cff9e95.png,5Q7ZMT3T
5df34f1dbb008db72aa3434923ada6025b34c20c.png,PA2CHKGN
5e816285a830bbe7755f65f23a5a86d4f82e7881.png,P0ZFRJFF
5ebc078aa7eea4acc7cab58abfa0d98a84302ca8.png,A00C8XXW
5fec4749fba5c48aa86b0b31b67fb7e66c27eb84.png,PVPGTDRT
601e58c602be65172f303d7de7c63c626a02b445.png,JR2PN6AZ
6045f44c0037a3a88534ed6a569dac9360c116fd.png,D0JQ0XLW
60e7c7f53ffa9317ff0c4e689c3a5abe5b1285e4.png,1CP6FQ6V
613c6cef05af5fe1b007ad4740c1e5a16be36fce.png,BOG9J65V
615edca45673c742b1f40612a2d962836518bbd5.png,5OUNAWK2
617ab681a74efb639f50968da75a008d7a604826.png,MDP1J54L
61a01fd3c54d66b61884513761aadac798f4544b.png,9Z6II9UK
61dda2ee469b0b12786885cdf66e6e8c3a58a63c.png,9HXV0S1Q
62a04c1b147eb1b5d4a490e53382bc94e1f540c0.png,HL02QMH8
62c36668311e01da4fec1b493b16890954d5e7ac.png,JGJQSZTE
631013927b1f8740da41e8cdeea905f9527f1e84.png,LQAOR6CK
634406daf753c135846737c6173c023781f4abf5.png,3RG6E3H5
64194242237d024b7bf1d160ff383f87f1a0dcfc.png,V79M7XZT
64945da65460d6c2cd13ea73f5772ee1f1f3975c.png,F85IU51D
6542d3d1a04882866ec71818d5f47fd19fef9da5.png,6V4P6AEW
65487a9f8df1e5133cbeb6427fcd4a3183924ddc.png,C1E241QW
656308aa3f52863ca4575ec09b14311859fabecc.png,GGQXUU2Q
6577fa095b208f9fb3842c771ca6f86db1430fc2.png,QEJD1FKR
65cc334e4541bcb2f55b3faa76aa492867f1d7c5.png,7Y6R7J7L
65ede68ab3383cc5f98d18e37d69a3a29900bfe5.png,TCI280YL
65f753b4d9bf678dec2d64117f9a488cb73837e7.png,NJ4RHY9S
6602107040809da9be8c5bb2162e472dd86b5c40.png,ESI5QNSR
66080320dc9aa7f653252e0ae7e7a853d0e7f535.png,PRVWCYFH
6684096ae135c481a50a70efe135a4193d69216d.png,INMXWRIY
66e64be331ec3266efd76e438847a7bf2954b908.png,KDARB3BP
672c27582002ebd3d6f58784ea214298388fcac4.png,D8DDUPVI
67696bf32f0db61804a44628ee6a474793f0b966.png,O7NTEFG4
67dc6ed12ff46a6a30c51468135ebfb8303dbf13.png,D60KN92Q
68a17df2a28ff016e2019f932d82f7bb3ee18c80.png,PMO89VGB
699f98e8a5194b784b5f81ccd69e20d730ad40ad.png,6YAFHOYU
69abfabd993fb92f47c46d418754715ec8384524.png,GO8D1388
69d7f67630e09662c25999215ffb19d74194a1ab.png,R6K60HC3
6a6be7a7fd5e78aaf5241424de1e919145dae19d.png,ZFVMOQMD
6a7b25b93a62ed37a0b5bd7a717f463ebcb5ae08.png,ZCCUYNRG
6ac31158e21255cdf114cd996c20731d112c6ebe.png,CFJALNVE
6be0af0d52cc2787f06c79cd5c0b341760399108.png,ZYBKQJHN
6c5fd0c9155a74ed250cf654c139e098998c9ef4.png,8QYK3GB1
6c7da24633f381af359c2b6b161c6514f1b81aa8.png,ZUK5ZGCW
6ce29442928b084d43801c6d3810975f48185bc5.png,PIPN669N
6dcf51ee2f6621012afa17bd4778354c58e722e2.png,STO6RO5T
6e181c0bdecc51040e4a77329fbb540137258d27.png,1FFE4TR4
6e4f650eda4a9c3ae8447af0dca1f7cbd65caafc.png,0XGYN1HL
6eda25c9d57b4eeb23c1e2e796e332ac08c5dbaa.png,J42LZ6RF
70f135d69fc96cedda574d4c6c81c477e9e23347.png,L4ZPUI79
713a38d0655a1af201b6f7a5ef2e39033c1d339a.png,Z4QINLMX
71989079a489f2c0e8711caa2df44e1c2228adb6.png,V14VCU39
723f86152759d7f9030d7233aa5f494cae2e0090.png,OMDCFQGC
72b59fbe992574f88d91a59fbb7871bb1556e33e.png,18VL6LVD
730e3346ca28fbd3fe7f74bce5eb81a42579ce18.png,OT1JRIEX
738c06a515d0d27354698e6ce081cdd01eb146ad.png,K4FSMV5A
73a1c227bb2b1f45c0c068734902f3a2679a0676.png,52OBNRNK
73b0ef62cd088ac148e0fd6042d91050027a310e.png,BRJM1FX1
7421608860ac66bf069229bac51609085a0d43e9.png,TVF2FX7K
743e6c27d2744100a65c7077dd26d1bbd92b6370.png,F6JDV6BV
744a484818b6d68d285382de0effe7f5d2d3eb58.png,PSD7XHP4
747e973e5989841be1c3711e9252926deba54a64.png,2G1RB5C0
74c77c2ba460888543e7fce732b7b54b1daef00c.png,3YAVSHUW
764b1b4724d84b155de1bb9e631214fc849aa702.png,8RFN0RFH
765c810505ccd7a3f9cce64c495f59aa5420c78b.png,69NGIGSP
769495bda806f1fc85ba1ee4ee1024fc5b858a31.png,I7JMY9F4
76b85e6666250ca0c53f9278c3541caf9b4b112c.png,PFOR2F8P
7710705d862655c6a1d9848d95f3318465081d7b.png,Q33ZU9YP
77368438d6a5e899891540a3a44a7f4dcf5d40d3.png,11DQMKB6
77835ed5ff813dce77dfb567894526da56ac7198.png,KTZPTZXL
77ac5e241ba8a85e34d7ffbd681a2c697dcf885e.png,9DKJ9CBF
780df410e55f93c69fb15009add627cc7acada65.png,YUOR4IJK
7814b2ea485c3db19c9eda2fe5dd569de2c4d7d5.png,PBIYFN4W
785755ca7ebaaf29931f10ffcbccfa47dd425b92.png,TH0UF7MI
79758580dd52e6d7b071c453fbc30ddd9e08255c.png,L4QBBCU5
7991e9e29834c902681848b776136005ed3afc17.png,ZVUK0XP3
79923da2dfc4b814612cae52eb3ba53312ef3e14.png,I66W0FCP
7a253b481038b818809e565cc90d5b5ae970685f.png,VSFUW3L2
7a2a5c998c7e940a608c161088debea4ffbe9014.png,9E6AZIUS
7a9540c2398d3b7bd8fe5d983e9cdd9a5789d480.png,YXYQVRHQ
7b400c2068ad0040810bc00e9731c713a62de906.png,LZBKUFP8
7b9e92ba0b6af85da2dfa486b716692bdd3c7648.png,WKDQR5J2
7d639651a8101a75b5122e4ee58e68974117dd96.png,YWY7AIOZ
7e1cb4e504029e440753e6ac95350684e1333003.png,R68ZZJL7
7e269028a812a88c1e2bb4410c6ed7be546c3c9e.png,COHBUTZR
7e3a7a61e3f60d24ce8663189725d92a3e35909e.png,IDC4EDM8
7ea0d9e9250d69a27812ec3b6559e9c9209f96cb.png,WAJYDQPF
7ebdbd4bac349bb80b60beeeb2ea0520a15ad9ac.png,PGKKM18C
7ee827b2dc4f5b713607437503544782990e8019.png,AW2JHKDE
7f1746ceb0fc12d9298fef4a51340240a668a187.png,SM19KMPK
7f215380a760d62227faf279c88612fa477097e2.png,QOFKO6J4
7f3681d35446ed09689a40ebfd8dbed8edc390f0.png,297EE2LP
7f945f32791f1ea3624749616aa0755aeff0e917.png,384PLSUS
8066d07d22d81e6f746cb507a2e3b2584b01f9cd.png,04ABQZWT
812e51c5103cf292c2ac896e996db5a6924df2fe.png,JIZ98831
8141dadbd7bf6e403af3fce0f34c0ef1782a1728.png,YP8N3NSD
819d3edef4f5b4a7fa7e6ba32ee352b82f2825c2.png,5OEUQQC8
81a87dd69973c6bd6d5db531ff91305db9829460.png,4YUSXIIV
81d7c6f31e4e3ed78143cccef8c509e1ef02a6b7.png,VOI3J1Z6
8226cf12d97de291c1bc8c4f8b1647deb72ae24d.png,23ZVPOXJ
8232b08adbff42fb0e5e673bfeec95bd68f8b364.png,YMSJKTGN
83680c171b1e7b832e36b0003dc78f4efc95d173.png,18TUHML3
841e1e9bad2a191f411309e07aef4a0b9813e931.png,857NM7I2
84d0681b27afe733ce619a62221a65ce4aa775a3.png,LJHNPB7K
84e23f669c0bea73db6ac996112a29f150331dfe.png,RQ9FUGNT
850d414b171ed124264089870502a9b1b569d05d.png,UTXFY034
85445234d1dc31435cc856971d9c693ad8bbdf83.png,ZFETOT22
85a568b99dbf5b70ce194d8ac12ad5cd03260416.png,TZKBBSO1
85cf9ee45bcef9192d7dfde8b2859604263f4831.png,B91PBKP8
85ee60d83b44b85a8e1e739e7ce3372dcd1fcbf4.png,7WV4LV4C
85f48978ab9a02ecf64f3153a4d5a402a1864c7f.png,5OP9RCWU
85f6a1160e06029dca2c92b46245d284ab11c672.png,ACCV7GQJ
860a2c069341388d60a14c2b9501ce49da2b02d7.png,M397LKDU
86dc6daa142b799ea2e4487fff68fccd04a70aac.png,TG8FQSCK
871152119d3522f74ba74fcf3c43ca5ec37cae22.png,2LNP1XWI
8721f49373279012c2cd3a823363318ca966eb01.png,I4MQYTPJ
87b1ab4b6002df8794ebd47a0e90258df115df10.png,ASY4952H
87bbf8bfec0aa14788381023915d9c27b6d02bbe.png,PO68PONW
87f1aa5c05c7c45670a1623df4f34dda626ad9bc.png,OK7USNNH
88db7d4c1aa912f6e6322dcf4f0d8310bfd58c38.png,0YWP7WGH
8a33949e6640106a53afcbf4b2fdbf11551f7948.png,SKWNB8FN
8a6c3fca87ece41ce38095345b7b718fa9ad8f7b.png,NOFE6WN0
8a890a9fa8fb4f448e0cd7a37491c9af30000907.png,SLRKIK9A
8abbcf567d1b8485c1adcf83ee11016de57cc19a.png,6VS1072O
8b7c788904578960c87368f0802557d7c9ba49da.png,2AVJFIYN
8bd835c85a5151d87e1889ed330f74877e85a752.png,V8JV59FX
8c42c691107d3b2c8f0b1786a9d341a493a084f2.png,H4LP0MUF
8cb84689b07fa6aea5a72db44070b745f790403c.png,NVC7YSXQ
8cd0a387c6804552856607ab29c84ea1528539f0.png,5TCXPYYI
8dadf16bc13bd5c1d15d437f4df93bb8b28fea06.png,4WDNA8PV
8dfb990d99798a142cfb71e271c158c64ead194b.png,4MY4A850
8e656a3a3764acecf99015e6c88928b46566d8de.png,XYABA5V3
8edc1c7bec62ebb29f644a58fbf2b642a16e3322.png,I5X645F0
8f09b30dfa797fb68b4ad5d89f64c098033ff5a9.png,33WHTTR9
8f0bdc3d77615e0b4dd7073ee8114d5160efd743.png,A3O9I0ZZ
8f1decc992bec6eafedae633a4ce3ce36dc0c3e0.png,VCDDD4RI
8f64a8bade85d0493d821f537e18cc9da3d3479d.png,B799RTUV
8faff4569c02eb37c8f77f390c6bf143aadf2778.png,INNECX1Y
90dc54912d06b6c86c9a3e9eae5daeada74af7ff.png,YKNKTNWV
90de2b66eed2f488ed20b8e0731959ac1cc9fc4c.png,MZ9IH8TA
91208fed8162eb2b5a5b8c2e6c49a25335008940.png,VCDA1BB6
9144c717b88482e96b63222e512bc67c0807e400.png,QKHH7OU6
91895c3333a14440a0b0806d536de6ffc1f0a431.png,3JHW1FAD
91907c1035f46d5f581da7a0f4c9cf74da277fe7.png,UGZTKRXT
91cce08987fe8a453321c3b6a8508af528ea14f3.png,YS53X9GV
91fbfdee0ef2f2a914b233a833eabfa0ca30d091.png,ZV97MGNG
923c3e9930bbc105924b964710974ce3284fd8f8.png,9DVUTTLD
925beee41107d587b81dfc0083998001b1e2bbe1.png,Q575JWV6
92a22831bccc4960d140b1e9e0dd22b2b449f32b.png,KJRS564K
92d9382c16d547334da62e84ae4672105b40e873.png,E335LQAG
932712c15b5c55d85ee2853221ecd784a3e906dc.png,1GWW0X5P
933d3de737817b4beeb8a6b7206805ede0a1aaa6.png,DU2U53Y6
93cab4ff9381340866d88b32debcafbb110cfb4e.png,ZJ9NQ5FU
9469c56190320b3d825f6aaeb22972c5b608e728.png,SQ49A6WF
95390a18b0cd0f53bbc3a0b26cd8fdef98089bfe.png,HG8P78PD
95e4ca8062aa4ec58858ce29df1020b71d93397b.png,9PG1402I
95fb06c928975a1a3aacec13359db0f67c6156ff.png,KO6ZYHQ8
9686cfc81476ceb9756c62077b557c1e3f6f5b9e.png,9C7944XL
96f2f61721f6c1254ced792efcce13f3ef08ef21.png,HDWA4Z08
97d72146cc91a787f0f811c8e72c5cc342646b5a.png,V7TCSD6Q
9868c8b4c45a405a5a39c821eeb45ae5d3a684db.png,OOBT1YP7
9876401aab97a81a8940b89571cc38afad204361.png,E1ZZMX94
987f0148cdddc5e0ad53d244777aa7c10313e865.png,HOVEJRDN
98cb7e143d0a2df3088765fc098ae5dad78788ad.png,DXMQ628T
98f8b6ffcea3a010463d95a839b73d81d2f66ac0.png,MH4VI9CC
998401324eac1c33eeed9d5c9db5f32f74c6969d.png,GUWORSVK
99ad175248f9692e22873963bdfa3be14459587b.png,VDQACMA1
99bfa3c8d84853e0b771f740a067b5b72c4fbb59.png,OEX40XJW
99bfeac54b1d7359dd260e311ff45afac8879101.png,1OJGKRWC
9a0d568f4f6275ca266ecf0261990e8440cc8a9b.png,M0XCT2AH
9a5d6ae7c2e0ac90e3e6b5ccd6cbc5bad97fb766.png,YWDDC5YC
9a6e620c80a110d4f17c9dce8687c0f30c7f91f7.png,BOQVXBK1
9a8646f48954b34e1673484e6714e886028ffcf6.png,ZLXPBUKM
9aa3fc895a813042a9c2cb0ba176e6cce548c472.png,OMK81VSK
9ab868ca58f043a5dae1c3d0428b5448ce512093.png,ZYJH9OUU
9ae3a1e266a7d52d380b9d7fd76cb4e7e1824ed6.png,T0R4KTKX
9af982daf335fa6ddea1775345f787062f10f3d3.png,A85MJTPE
9b500d00d5caedc0b195be89ac0b8b81afc0d4e5.png,O0VMMKXP
9ce803d008b4315760604124afe2a6f9a1b6aaab.png,M9I1IKP6
9cf6bb4d9db71a71da46a89d17019e58e4ca7943.png,N9NYE4KR
9d3119cee894b147bffd426d0ba375b579e9a4a1.png,D43AKIYZ
9d62ae70fb07bd4221f76defb7a413e41fe6041f.png,J3Q66FSK
9d7c6a6671e6a65ff84b456c449a3f7d2bc8a0af.png,2G2IWLZQ
9e35a23724997fa726302ab6759aa181fd36e7d1.png,NKJ333I8
9e5693a1eebae243eda4dac8d98e08bbf04cf727.png,NDHPVRJB
9eaad19ae8ef267446432dafa1d942a50f748d3a.png,YHI9QZB9
a05342a228d33b8b98ac5911bb50647319d38178.png,F7FIEZ7H
a0b408bcc04846e35e0ad24692f06bae4f61c9e9.png,GM3AH7QG
a0b8993173a0be625825193f31a31122b3c4771f.png,DV2OKSS9
a16b9180dfacf76f894cf689ac08ac0e0e4389f2.png,2Z3GVH63
a1e0fedf9ae38b5aae2fc21b63ae90fc7c724dec.png,2KFF8GAU
a2107562e84e63cbb86d247bd125871f24f8b3eb.png,JBRU5YR5
a244b3c8f1e8ca05b70320141b0a16e4f96866a0.png,IGJKFJJK
a26690e242c67c2604e7e4af5e3bdc7dd1871f06.png,XWNACIOE
a2ca951975c29db56eb707dd807788a74236f4fd.png,O9HKNUGE
a3135c2fc58b8f4e3ace3096dfb16496fbfcc343.png,8XB5SZWB
a3315262fcc4d2d7c13dda5b459030b0b5053694.png,ZHDFGK1I
a36c676a2ab116eed0f1df0fa8e33ec05b7076d2.png,IK3G1F4R
a3779d7b7796951fa08e5994492ab72467dcc083.png,IKG3GX36
a3931dfee97c9eecdb4dba014dd11b21c94f17d3.png,BRDN6URC
a3c9e12decd778b4bab119398edd48710845cdd0.png,8BKYJID5
a3cff7e87b9de54dd924ff91f28af85bd07f7fe5.png,JSHGZC6L
a3dda1007b030a60b755408baad5779630c28662.png,OP3ST8DQ
a405ffe42e20a591c79dec73a879a74ddb0c576e.png,8WV6HVPW
a40a40390b94926af38886021600a8141f7262a4.png,IY13IJMG
a48e2b8b5b9883f83ff94fb794d17b2a8d3f89ab.png,PO1GVSYF
a55dfa176f435bdf6b0cece9c3f6be983f3d2608.png,K6ZUVCGS
a648dfa0c107c96844fb40eab863f152634e49f0.png,VFQSS3T7
a65555c69ec90ad6172a4751dfaf1f94d2d1fd7e.png,BXTWMR87
a6724d59740b152fa78eb6b194c095870f2dbece.png,6TOT0P9Q
a6bbe6aec3aff0b36506e7f8e367222077e07758.png,JURKIRVQ
a7d878a63b80a4cd581993df05c4579717cf0dc9.png,JWKZ00PE
a81d7199fb60141e844385f5bb5eac6c89281398.png,OSEOBA11
a82e7144a0d24ac804324d2d73f1e3fea64e1d80.png,287WQCOW
a84544f8fdc37d056567cb67d3f2d0d578196877.png,WMSA1GL0
a88b642bdeded22831b6b0884e747429541f3d19.png,DU73B4VR
a8a529c3a99dff3ddb44871efa3177532c08e9f6.png,6EH40K2J
a8dea77e81fed069b2598594122e03c7b1e203ae.png,GMXJBO27
a8f8603879173d3d4f201a92cfec7223c69dc2cc.png,E8GR2SI5
a91e5792dc6a77b84330dac0e8b019d2d29aa20b.png,YW9URSV7
a9298d87dc6555c790464b7d3cf70715a154639e.png,CG0BZPNT
a93124c691abdbe69e82217b27cab52c670f6dc8.png,MEEV4JAU
a98e99d57da28308ec3958bfea507b6759d75d8c.png,M1C6U9L5
a9bf2d528e9cf1db2bc7aab8099fc4c454556106.png,Q8NCSF2Z
aaac4e9a47a1467126385d5e2090daad8185538d.png,FHMTPQDW
ab378d0031ef273e2a970620942539b414d75724.png,T48X3X8R
ab386e2d336d1bf4992ab1ab5dcf524d87f36e5b.png,VELK21QT
ab9d38474c1d82419b7922c14e23d55c47954f56.png,URQUF2GS
abf47bebbe0ed346e4bc9ad3a75315d01d87db66.png,88SAD0YN
ac788c32f0e38c25f6505f6c796b2837d9b030fb.png,K0198VQT
acbe6303fb3c51e451cb5e17ed3d24e2d0a5d8b2.png,JX4PVQNF
acded9f09cc7edf501bae25ab08d2c33940d5ed6.png,1FMUJ67F
ad18c72a3e02abc2ce0a502e1435d6366e4be10e.png,G1D2V204
ad96d87f0fd6bec53bd825637ab2950023310aa5.png,11NZK7G5
adbfd185dfe49a4f01a40d6fea68e979e816723c.png,1H8AQAQU
ade748388e13c9ac7af1d1d29703cecd879a2adc.png,D49LBUBK
ade9f3ae9874c4b2913bd80b59522e11f491371c.png,HNX97D79
aea87ec17cd858c50392f20eb308d5480a107fc0.png,OPWGS4T3
aead8074b815dcfb8b2fa749748d1d5d2fc942bc.png,ELWW56FK
aecd961ea04ce375fa29cce99492cb1316d37923.png,CAGBS5NU
af8aafa8aa1ad0718d79a5f284e86ab7bef48ad9.png,7A9M9AR5
afd9cca5aec9b8d5ad5fc17bb14e79e8516658e2.png,4ZHNOUEG
b07cb3b840b1543ae21a0722ef173ca64a4554c2.png,NYJPP5E7
b0e252b6aba3bc70951ea98753143b1860b07ae3.png,W1CN68AD
b0e3e0a084db8529e650b2fac78173785108f137.png,FAVLJ7HR
b0eaf500acfe2baab26242bc961fe9f0df3a41a3.png,CHSWFWZO
b1ae7547d79dc1f4f7cd551fcf05e76102550968.png,KJOJLOBT
b1afd602403bd065cabd5bd58f1e022d7c0ac059.png,W9KMVPGN
b2ba809bc0026228829db9ee24dc71bdb9cfc38f.png,51SKIU2Q
b2e665863f81d1583efac37f5f002cd14e7198a2.png,A5F582HC
b2f4cbf01dc70b5babed93ed89cf2a8904b1e04c.png,VR7C0IUB
b327d1d50289887a2b105ec13b7e68f9abebf399.png,2SSKXSOB
b328e1d3f91b4432134c024b06b0a5e81c9c1e91.png,6ACIVIL1
b3412a9e930a82a732151d38c90ba621aa17236a.png,1KWATZFU
b3763754cdb4f79db874074bec9f0f6bb07486d3.png,NT35HO09
b3ae57c3319045e1d897ce566a91382ea701c86e.png,KZZBU4B4
b41c8a8c54588cd2c661d08e209d84b25a3d243f.png,9S0G80G6
b47a9a17cf34d58fb9afbdb77163ace2dbc25095.png,EWWOZWC5
b5a08494ac57564a258bd2fabe0a26bfc5ba1336.png,7GYJAWWL
b5a44570b6f31de1412e7d3fcf1e269c629c76b9.png,LQG4QCWB
b5bc7bea9c5c614e8cb5721eebc264365d3ab57d.png,JDRIJ4SL
b60bf04ef5ee24d9aae679e11663c29253d88d52.png,Y5ZLVSIL
b63afcefcb3dbfb6b9b5b8b4f9e17466cd424646.png,WFM75Y7M
b648bdec063c231d4d325e74b16db26288b84725.png,ZSV3400H
b64e70075080aa8195e543034577e3caa1f21792.png,ZHUQJJO5
b7879f6a82ee1bcf1847f25f2808cd01ca7507c6.png,U6A4C7PK
b7a6c30d03a2a89a60815388bcce580ece0d0e76.png,L0W5CBB1
b8527c4365ebbd86c0e3300b3d16f2b77d2494b5.png,NXXPTF8Z
b95f2538be2ec23569dcccd8df15cdc3e853d848.png,SM8G3I9V
ba26415be2c40767f1edfd8cfd00e697f4efd4f4.png,1C5Q2H7K
bb605d4038f77588540918a4a4a2fd34a745735a.png,M7433DBL
bb9346d2cc49a790f8c40c26bcffc96144d698d9.png,6SEQJDON
bb96c04d1a1593d1280d2041fbe1de22e8ac3305.png,9RQUK3VL
bbb3c6d3df538cd53f11b3a8effbd9d5b83e002a.png,DX49GMZI
bbf527967e3358b3ae8265fc959782e79e6290d6.png,9Y7S6UBO
bc8da039f7305b705a137569e490f978afec6b4a.png,TVHYY511
bc8f517bb3f297f716436ec6f5461aa7f5204124.png,XPGQWBDD
bc93b28be4f04b84c02f661c6fdf433b34808e08.png,P6TD1UUL
bcfad926492167920ed335e71f0ae7ee50bb061b.png,05RJBTAK
bd20cb5431dfe5fe35c5ba828d236e71689bf502.png,N474IEZX
bdb1b3a72d072184f73f8c1d6b0f948157f55364.png,C51JKGK0
bdd064a470facdd9b46f6a2853235429831be20c.png,35Z0U9YR
bdf638d1445085af62efc1f4363dcc55916d093c.png,MX1D9FV2
be513936911cdeaa73012b9a6576b047b6360e48.png,ABBJBL35
be74210bf168c08a6a3a09fb70b143ba2857980b.png,VHOKGD93
beae57c2e8672d2fcffaf68ab88ec3fdff24dbbb.png,KZOVJK5F
bec9ff2b3b923fbd035efc6a7db28fd33f84a019.png,XHE3A0T9
bed19dae195f3a3f78040ba7fedeaa0f0e60a21c.png,EJVTSWD9
bf012273d58f772ab6b20a616f814afcd2836589.png,IXQ5JXZQ
bf0c0770e9423d4a59743770433ba690527f84f2.png,IEN5OB4O
bf26dad5b2273b7367a8ba55186a2edd1d84544f.png,UGVHF5US
bf4256083b6e5d92b705f7c6448f457812ae7064.png,DEEWBNL2
c02eb76b8c0c71b58f3efc16ef47d654f6af5088.png,40ZPIL6C
c0330c5fe99d644db1b72b1fa9e2c92a0807669f.png,2MT6WLRY
c10ddef392033dc89b435e8d06ab6dd924e5b91c.png,2KI1XOS2
c15bd63a2b77c43308380722bda4f9d5bf84876c.png,SWQ6VA18
c22e3554fa0ad0c3135d41e48a25eb551346c590.png,OL2F1P67
c24dae8c71cdfd81309990f81ab29616bfa20523.png,6K03NOH1
c2964e46025c9908dfc398dc2938479c7271c6d9.png,6F9QFFCW
c2f6f37e63df8cec63c3ac37834baa01276bf363.png,LSGFPX0B
c396110ea1f7a1900e078b08092185a5aca8921d.png,33GTJO6J
c3ca2b78f831ef52c93c954d9a752ff87f002652.png,AYV1G54N
c412b8b51eabd0c49dfb089ec78a335fcc284b84.png,2GSUXAKL
c482dd04e358f6f87f0958b15a5227f027dd3041.png,I0PNLC7W
c4c1269f112b86fd05dc4ce4b63296d00f676438.png,RCUFMJWB
c63c26602cf354590f11a0299a289ee782cc9fb0.png,98L35UY7
c6cbcf4673780c7fcda165c273e81e90100219a4.png,RYKZ8B36
c6db307bc099497ed585ad4959c97a0216095ed4.png,L766QHHU
c6dfe65e0e82cd5d055e5af1263db6267217079e.png,0DE66ZCR
c7032bb5041ff5b10dceb958e02650fc02063b5d.png,11QYE5O9
c70c50d0df8da36b69e19322498c9efe5ebd1a6a.png,XN0O679G
c7598de6944c361e1ccee7121facefcc4b7bb82b.png,OFJ90YED
c7b0dc4b61dd5560e2d38d131120da84bb861816.png,P3Q3L1LU
c83661ee0be8ba8383879d4bb21c713380ea85ea.png,KEFSUVRQ
c83cad6be75cff5b3888b1cbc86c8971859eaef7.png,NDBJ6844
c90f92b325cf25863add0022d427a391b265b29e.png,6U9SKJIJ
c9875458b3bd2e095c517485153afd5b93819945.png,KQOCNAJG
c9bf432e5e71bd43866dca24d03a7037b6225ee6.png,GCWD3LR2
c9f25b4ca0f1d16f29c731082e59a63c9f8d5f9b.png,K8U288AR
ca37a1ea9c205165fe36f02edae9a0d8da0d7bfd.png,K2VZVHAA
ca8e9858ee1f33a0038826e6ab7cdc82ec9df135.png,0KGL4GOS
caf4546b3051ac91e3b531733816d6ce29ce3606.png,XSGMETN2
cb15ed2d0a3db979399cf0609ae13cbffd88a82b.png,BFA4NARU
cb79a456a88aed84417691966d19c017322b2bc9.png,Y2A8VWBS
cbb33c14fc9dc910b6c26031ae96c936e552e261.png,CHK3CUPJ
cbdb399fa543ca9a6bf3e09606e2ce8f1cdda145.png,Z84H399X
cc104b689600409f8a7e6ecdfca675cea9140b79.png,I5WURH6S
cc4a715de8e75692e306f4e9993589dab957e8f2.png,NVJZD3PU
cc977248ebaa60070555aac670ec87b877f941d2.png,SR198USC
cd011ae15171a31112d432fccbe5cd9ca8fc8507.png,MJ2XYT2T
cd052f77523bc18aa094be4c9815742e1a29ce86.png,V0X0TED4
cdac73e61bbfa852800a0af801940438d79d5758.png,1VFVTWD0
ce23a6029b5396acb92d7d909e5195a3863e1eb9.png,E7ZZM52J
cefdda643ce3ef92bcc2c4b7acd1eea9e797553e.png,GMXSTJQC
cf6fa1819dfc393318b4b73139e6ae8c4092efc9.png,8QDNTERZ
cfb96da81b54a1e11ca9caced3a660dd51e26406.png,PUPP0456
cfd6b91cac910087524bd70184aa8c450768344c.png,NK3WPFM9
d06f136714e8a749e42e3b1260c4fefbb26f22ee.png,IGRNN1DZ
d15c3248cf8a5ae11be35915b7f79dddd622def8.png,1NJAPU6S
d1808e5117b790051810896de258f34ed5cf49bc.png,9NDXEG6M
d1f79269027001f8db645fc5fcb67688f4c3ee4d.png,ROJSBRJZ
d259fe2f7dcd11faefa8be0bc8d78ddd48f8c783.png,0SA0PWOZ
d2705fb226efd6404376fc5d1db78749ef87364d.png,LPH1OHQH
d29121723efe5a4bcde06f5f2892342f2b43c75c.png,B2ZMPCYW
d2b484785cf225d68118c744868a0c353408dce4.png,SLMM5WY1
d308168f17776beb34a167fcfab466770e390199.png,OH5QMXNX
d355ad243d0e2b060fb6202fd7f853de6c24ab24.png,J3VJ6IXA
d355f4821795da6597ac1076455eb8b66f451643.png,UOYVRYDN
d3ca673ae0cdd3c44f70e4444fd5c12b1b859e89.png,A7RH3U5Y
d4a9448364b02ebfe7c2d6664d1ace787e2180c7.png,3ZSTPCOS
d4da55b5dc44bb282c64d445d843d5be296fb7a4.png,XKOTKPVM
d6c07bdc25a4ae1bf27b5e40a6825879247a7984.png,TQZ48Y6O
d6d72675a9e64c1012effdb9d986e7a430b35ac2.png,DLQWXJM3
d71d9ba3dfec4fb0b18655af102cf3c9106a2f7a.png,W8CT7OOK
d72838e89cb2f7b94e24a612e0d8dc4ea6de8977.png,MQHD26FW
d74e2bfabddea10e0091343252c9c20e98b48d81.png,TRTM0P5E
d796a6583147796803369bfa866f761c90b9194d.png,WWYE4Y78
d7c4eae02bb1debf3d541168a9555d62a7543ec6.png,WTLTH9N4
d7cfd4752a334f8919351670382cd174f43d10e8.png,08W0QG0Y
d84a0556a914543acfa1b509b958c9efc2369203.png,KLA8VPGT
d8a7f11059973fb33660a15a3a8d5ca452003c83.png,5DFD1J4Q
d8b82180c152639f28aa4138bf7c1101ab3b56d4.png,RW1DLH29
d9265418d08b4677b25bdeacf03702f16f82b8c0.png,6ZDD5MKV
d931584e51d10e91613b771b14b8f9b8c6f90a3a.png,SYWWHMNT
d9dcfa6a7fd1e8367e8ff58c74e1745969d99bba.png,BDTYT4CR
d9efbc55a3f7d4761bb8db8a730e121757ee809b.png,U3F4XINN
d9fdac5ced24f1b41063823760e403063b64c70a.png,HS34ZKJL
daa6d0f24caa43920d5f8e45857998426a0238ca.png,WKY26ZXS
dae87907a5d17e788750c876bf9fcaf8c69b8ac9.png,CFJKR87L
db4315e55dc68b45b9988def3bec33f3cd6bd247.png,HN8OJ26B
db80ae1a610805116a5916c87225282147def93f.png,WT5X3889
dbf65ba00dda40cce6c4f1f8048995cb220c7326.png,S1664H4L
dcbacdd90f057ecc0f43fe6e0234b7534e6fb223.png,5JIHHQQN
dcf8694e2bf77a7c09629b39a219964a87824d42.png,9N2HK583
dd3ca5a47b1d698f3e797a40bd439a38465ede05.png,CYEBL4F1
dd42f109723a6eeb35593daa0d68d7a224414546.png,LL9MSLLH
dd9aaeb100023339788b7ce8ede998ab6b4b581d.png,UAE5SQ0N
dd9b1adc19ac068443b2a165bde3d2ed4036274e.png,EEX6M731
de2e9cc5694189e0330cdf375f76185a63ec62c7.png,X009IRXL
dee91d37cabcb9ec2f6f9c6a58d4057cde50758d.png,WEQ06VC6
df39c6a6c2fab2b7dc658c713581f2712a69957a.png,MAYRH1S9
df504c2c0e770806b15f6a59f6936c283da2fb4b.png,RB5PSLK8
dfc854510af8cdfec5ffcb1735fae580b808d542.png,LCWXXH4L
e02449438555c8ed4bc424701f64050b2205be86.png,9KOQPO9I
e029263d5cfb9d4f906d1a111943b8b9db39bd99.png,HS4UWYHB
e03451d0948930affa6e20396762ca4962b82b33.png,TAU425ME
e0da35a512e7ef909c99d2fde984ce5d27048c26.png,H2SNR08C
e14ebaa3f99499968016cf82450a8fcb49224658.png,KPJ55EED
e15bab338adc859aed80e1d061dbc67fbb295323.png,WIXBGFNG
e190ac222a0cd914b5a1210cc4bad1286b679264.png,NYRJM7FW
e20d942dc790d9d2f3d2d088728657ce66963ba7.png,6A6DO8FV
e29b2ed71a036f81454ea685ac55b0f3ed901080.png,XV5ODD2U
e301b5be67fb209466fefd1295506818b528e060.png,AJ7WKU6M
e4421a15d6e1dee5ad3a54a7ec3c2fafddfec263.png,NUHP21XI
e496a028777c10b1714e6fced6e4e05070cf9902.png,5IUMQRAK
e4f906468565c1031cc01d984f6d57595722ec9c.png,EA37GMRR
e52a84cb0c5fcae78e4465912938f1d9a207d1d2.png,X9K7S5WQ
e580563c07ba23ee42651e3db3f112ff63a1b30c.png,PYZSTZZO
e6359b6a696a2022617ead25c6aeb81a0eef187f.png,00ASL6OF
e66aca7bea019839bcb0505bd73d934552236a03.png,NFAOR8ZC
e6796f6e51c294c764c7d8c849b5fe4f620c6dbe.png,SJZJVF4J
e6b58b27dc3e2aa5d54bd624853e2337f24a1316.png,BJA04ZBR
e8724aee47021bc76bf0b70efdd7046dc681f93c.png,KPTJQ22N
e901ca1b9cf0ad4057fdf2d806af23a7f5ec93a5.png,MM3DUI7K
e91f4363b6db18dbd42b0a2f3ab3c1fe38bec9f3.png,AOH40D6S
e9af1a85b5cb210c156f9cfdc4f2ac2a40fd190f.png,EFTUSSZ6
e9dd0faac903f8055376c0c8e04dcc4436262c1b.png,WVJP15S1
ea8eb9d47730bffbc1a5d1f37dff3a6a1e8fb19e.png,HHKPKN16
eb23aa7cc1ebe2612b04808ceef6853d856f7083.png,18EGICDY
eb7d625bff75b1b4f33ed99f4d8098d8d692c5d6.png,PKMKDK4Z
ebaeb7a15f5b7b82e38fad78c8346258d7ca867f.png,337FZGW9
ebd372f03b37ec0b19bf9a8a8ad83428d790acd5.png,YDZZQ8UZ
ec0bc94e732689404b964b06f6505d782b7d4154.png,6LRP9UB7
ec585c59487f675b614c48f76e86e2b27d99c6f4.png,0VFN30YI
ed222a5cdc26a94e961cc81c26d6ad686074a806.png,TRG1BV92
ee67481d6c51ca12a428220852b25b3414e1b364.png,K07RJ86F
ee69a88fce011436cac3cc333e8895c9a41b091b.png,VOJ0PWS7
ee7016fe89cfd889029f2c47e2d5eae8ff0ec61c.png,L3RGBDDC
ee9d7f8c5cee45baa16279468bcfae870bc04f7c.png,MK1HBZ4Q
eec3393b0a6efd8fbb3fd3c7187b144daa7f337a.png,LDAITFN1
efcb6acc18b9b9a42725cb6d01269aa4c729d633.png,FVZPFZT0
f06c7e1ae94f5e5325cee64d4eef20c677ce2bed.png,OCHXZW9H
f077986c8bdb99ef4377fe3f13a32ac92d6960c6.png,KBI40CYO
f0c59b6d7f7c0fee750d1bc7f42c654702c7229f.png,A40FYJ7T
f1135c6643ff3283024643926f6e3edb1c779fc8.png,FGPZ9W3Y
f117256d675ef1400abd74a84e1341459831806d.png,19ZA5SV3
f11db8a207d60901d059c1d291c8bff0170898c1.png,E2BIDQ05
f1d85cccb6756eecb48bc1b4cde1e9a176a13ebf.png,BZ4SBSCF
f1f04e3c71aa462ab88f3ba46c883a696108b76b.png,WDLEXGYK
f2c5387e5efb3404ac2f870f30667526b43a4e07.png,4JQHLMU3
f3f7b917aa55a6f9f597c3bb367784ceb31f736c.png,WLB5FEL6
f45cd00e063d6cd6b2cfc58ca2c7652c03a9d94a.png,AGD42JHY
f4630631d9091ebedd6d0b1022e0e6025dc2ce75.png,5RIZ1K04
f477e45321201962fd34fee5a5ca64bc816c1ca7.png,JH54FBOC
f47965188e553dec49bfc6ef4e0fac518b69ca7e.png,J6PJ7XTU
f49db5f7ccd12e63da94f2c8e2cef7f205ea478b.png,FPO0UQE7
f4bd2130564d9fe080e5cb156ae5db57152f42dd.png,4LCJ2KJV
f4ebd1f6d8ce1673ef2acadac8a31b7cfbbc8b15.png,2VW3330L
f4fbe1bf4c1ae003f285ae9c7528f2cf984ee460.png,2FYWLX89
f577035ef6d5ec13a074bd2f4eb77e494438dfca.png,HKS0H9NW
f5cf00c2ad2f72b350140629b3af8841da6db43f.png,4ALSZCN5
f6b55b553de019bd10bc85105ed31e8f200a0bc1.png,451SSCOC
f6fc7d8f44e5d596a654b29ea8e33e81fca0b485.png,TK5FXCRU
f72557e111144ec5fd1c9b5bc93e9955b8403428.png,41MGYR7C
f73bd173d1964e824e00e09132b947d315019898.png,FTZS19BW
f748037e2c22a8dedf0207d256ff08e529efc901.png,M6FDWYFD
f7814a5dba9f3e4c67ef5cd1e7f3a77c7c3e40d4.png,PF9ZCEVY
f7b61166a436f34c2c3137eabaf04314e92a589d.png,XSXRTZ0Q
f7d01b6876674713ad513cf69269d56170e382cb.png,7OTB78UP
f7e5d7d42984a1466766db5a7ce4eaf135d81529.png,KEJ477NY
f7ef0b66d63d3fc09c145ae73ef1cd2991dddae4.png,GK98LN5B
f7f607828482d9e6ba5fada8aec680f1331066dd.png,K103NTGQ
f8019d5982244865c888d1d5dae838bcb08eb3a6.png,41LB3PSF
f80906d5cefa63ee3397c063c3324cc6569ddaba.png,NMASUMP6
f8893e0759848ab954996c01c3fdad3652475a12.png,1B6DII1P
f8cccacfdfb3c761d9abbe1acac4a1f0e85d4f74.png,4EYPV6MB
f8e29cc125600ee17757ac83f7411d6515696423.png,KP2CTC23
f96023e68fdcaba9bbac2f628010626719c44599.png,BI8IXFJX
fa3455839d371b9def95c6518788440e64635d74.png,R691QQZQ
fa8ca9ee562284b46083794e050db18e44dc8a65.png,JZXHHQO9
faa7b0b8a9eaefe9acc7e97daaa27e9d78fe238c.png,G9D6EYZJ
fb3e8c169b645656f714b4498dcd59962ed3c71f.png,MJWC53DB
fb6a917a900095a024cf217e041a5523b5a738cf.png,MNUN1Y3F
fb7c26544cb8ae89340d468e2baa943270853170.png,0LF52NOA
fbc6b95017ca36b76c690c730caa9a4574369cbc.png,WLD7JDLW
fd96288812d5def35c6ddfdce8df7ef40ac562b9.png,TYBV6HSO
fe17e8d5430ab5249ed7681c8e961d1181289270.png,DMKO80MX
fed49bef941a0f8448f81689f23221348621faea.png,020K57H7
fefd732dbaff331e4be4f1e9c6bad901fc1ba6d9.png,7BJE8KFC
fefea427461ead45c643a885c7c73ed5de835844.png,N9RXGHFK
ff750baf165f963f70756b03453826627e36b14a.png,QL4DUFTR
fff773f27b0f1ed328651ff88bfed6b005bea1d9.png,6PYQJAHC
